url,http://datalab.naver.com/keyword/trendResult.naver?hashKey=N_774dfb18253d80027c34ad96e30f37f2,,,,
주제,통검,,,,
범위,합계,,,,
기간,일간 : 2016-01-01 ~ 2025-12-31,,,,
성별,"전체(여성,남성)",,,,
연령대,전체,,,,
2019-01-01,1.96251,2019-01-01,0.14931,2019-01-01,0.12093
2019-01-02,1.825,2019-01-02,0.18192,2019-01-02,0.13463
2019-01-03,1.57091,2019-01-03,0.17222,2019-01-03,0.13547
2019-01-04,1.31014,2019-01-04,0.17356,2019-01-04,0.13006
2019-01-05,1.32054,2019-01-05,0.15733,2019-01-05,0.13161
2019-01-06,1.3464,2019-01-06,0.17342,2019-01-06,0.16302
2019-01-07,1.45307,2019-01-07,0.20349,2019-01-07,0.16063
2019-01-08,1.42756,2019-01-08,0.19014,2019-01-08,0.1659
2019-01-09,1.36861,2019-01-09,0.18318,2019-01-09,0.16309
2019-01-10,1.14881,2019-01-10,0.1926,2019-01-10,0.15993
2019-01-11,0.94222,2019-01-11,0.17616,2019-01-11,0.15128
2019-01-12,0.88622,2019-01-12,0.17145,2019-01-12,0.16063
2019-01-13,0.92585,2019-01-13,0.18129,2019-01-13,0.18895
2019-01-14,0.81166,2019-01-14,0.20504,2019-01-14,0.18157
2019-01-15,0.81778,2019-01-15,0.20265,2019-01-15,0.18094
2019-01-16,0.9489,2019-01-16,0.19892,2019-01-16,0.18726
2019-01-17,0.81328,2019-01-17,0.19246,2019-01-17,0.17307
2019-01-18,0.73395,2019-01-18,0.1725,2019-01-18,0.16709
2019-01-19,0.73781,2019-01-19,0.16007,2019-01-19,0.19141
2019-01-20,0.8671,2019-01-20,0.18192,2019-01-20,0.20152
2019-01-21,0.80548,2019-01-21,0.19717,2019-01-21,0.20131
2019-01-22,0.96435,2019-01-22,0.19632,2019-01-22,0.21073
2019-01-23,0.76276,2019-01-23,0.19646,2019-01-23,0.2096
2019-01-24,0.62194,2019-01-24,0.18248,2019-01-24,0.19689
2019-01-25,0.60676,2019-01-25,0.15978,2019-01-25,0.18361
2019-01-26,0.71631,2019-01-26,0.15487,2019-01-26,0.17784
2019-01-27,0.72095,2019-01-27,0.16976,2019-01-27,0.20581
2019-01-28,0.64843,2019-01-28,0.18157,2019-01-28,0.2153
2019-01-29,0.61041,2019-01-29,0.16021,2019-01-29,0.20679
2019-01-30,0.51801,2019-01-30,0.15318,2019-01-30,0.20096
2019-01-31,0.52272,2019-01-31,0.1373,2019-01-31,0.17574
2019-02-01,0.55216,2019-02-01,0.1158,2019-02-01,0.16428
2019-02-02,0.54141,2019-02-02,0.11383,2019-02-02,0.17791
2019-02-03,0.48976,2019-02-03,0.11987,2019-02-03,0.20005
2019-02-04,0.44177,2019-02-04,0.10736,2019-02-04,0.19639
2019-02-05,0.45934,2019-02-05,0.11917,2019-02-05,0.22078
2019-02-06,0.50831,2019-02-06,0.15093,2019-02-06,0.27186
2019-02-07,0.58716,2019-02-07,0.18649,2019-02-07,0.26961
2019-02-08,0.59601,2019-02-08,0.16555,2019-02-08,0.24607
2019-02-09,0.65588,2019-02-09,0.15683,2019-02-09,0.27264
2019-02-10,0.6915,2019-02-10,0.17862,2019-02-10,0.3096
2019-02-11,0.59348,2019-02-11,0.18023,2019-02-11,0.28465
2019-02-12,0.52082,2019-02-12,0.18768,2019-02-12,0.26308
2019-02-13,0.49679,2019-02-13,0.17061,2019-02-13,0.26441
2019-02-14,0.4691,2019-02-14,0.16098,2019-02-14,0.24804
2019-02-15,0.46215,2019-02-15,0.15065,2019-02-15,0.25057
2019-02-16,0.50438,2019-02-16,0.13765,2019-02-16,0.26519
2019-02-17,0.53509,2019-02-17,0.15711,2019-02-17,0.33271
2019-02-18,0.56052,2019-02-18,0.16449,2019-02-18,0.30334
2019-02-19,0.50094,2019-02-19,0.17321,2019-02-19,0.29554
2019-02-20,0.43966,2019-02-20,0.15655,2019-02-20,0.30657
2019-02-21,0.37017,2019-02-21,0.15374,2019-02-21,0.29505
2019-02-22,0.32,2019-02-22,0.13969,2019-02-22,0.28915
2019-02-23,0.32126,2019-02-23,0.13364,2019-02-23,0.34845
2019-02-24,0.29765,2019-02-24,0.15803,2019-02-24,0.45055
2019-02-25,0.29512,2019-02-25,0.16843,2019-02-25,0.43755
2019-02-26,0.23357,2019-02-26,0.15234,2019-02-26,0.4242
2019-02-27,0.22099,2019-02-27,0.15269,2019-02-27,0.41148
2019-02-28,0.18515,2019-02-28,0.13596,2019-02-28,0.37923
2019-03-01,0.19991,2019-03-01,0.14229,2019-03-01,0.42652
2019-03-02,0.17834,2019-03-02,0.14081,2019-03-02,0.44247
2019-03-03,0.19344,2019-03-03,0.15423,2019-03-03,0.54542
2019-03-04,0.16815,2019-03-04,0.15564,2019-03-04,0.4521
2019-03-05,0.14362,2019-03-05,0.14545,2019-03-05,0.42582
2019-03-06,0.14166,2019-03-06,0.14369,2019-03-06,0.41092
2019-03-07,0.1328,2019-03-07,0.14454,2019-03-07,0.39097
2019-03-08,0.13133,2019-03-08,0.13906,2019-03-08,0.39336
2019-03-09,0.1314,2019-03-09,0.17201,2019-03-09,0.46643
2019-03-10,0.13927,2019-03-10,0.17159,2019-03-10,0.54485
2019-03-11,0.14433,2019-03-11,0.15796,2019-03-11,0.45126
2019-03-12,0.19892,2019-03-12,0.14981,2019-03-12,0.38619
2019-03-13,0.25865,2019-03-13,0.13941,2019-03-13,0.34838
2019-03-14,0.17749,2019-03-14,0.13997,2019-03-14,0.33166
2019-03-15,0.15971,2019-03-15,0.13357,2019-03-15,0.32217
2019-03-16,0.16428,2019-03-16,0.13357,2019-03-16,0.38787
2019-03-17,0.13969,2019-03-17,0.16344,2019-03-17,0.47697
2019-03-18,0.13786,2019-03-18,0.1562,2019-03-18,0.42687
2019-03-19,0.10132,2019-03-19,0.16196,2019-03-19,0.43973
2019-03-20,0.10884,2019-03-20,0.16534,2019-03-20,0.42371
2019-03-21,0.13224,2019-03-21,0.15599,2019-03-21,0.38907
2019-03-22,0.19639,2019-03-22,0.14292,2019-03-22,0.32182
2019-03-23,0.1685,2019-03-23,0.16555,2019-03-23,0.37277
2019-03-24,0.14938,2019-03-24,0.16133,2019-03-24,0.4325
2019-03-25,0.12704,2019-03-25,0.16189,2019-03-25,0.40551
2019-03-26,0.09296,2019-03-26,0.16084,2019-03-26,0.40038
2019-03-27,0.08769,2019-03-27,0.1666,2019-03-27,0.41345
2019-03-28,0.07778,2019-03-28,0.15964,2019-03-28,0.38366
2019-03-29,0.08024,2019-03-29,0.14938,2019-03-29,0.34122
2019-03-30,0.12859,2019-03-30,0.15529,2019-03-30,0.37143
2019-03-31,0.16168,2019-03-31,0.15782,2019-03-31,0.43151
2019-04-01,0.18417,2019-04-01,0.15866,2019-04-01,0.37375
2019-04-02,0.14243,2019-04-02,0.16393,2019-04-02,0.36841
2019-04-03,0.10919,2019-04-03,0.16772,2019-04-03,0.3741
2019-04-04,0.0872,2019-04-04,0.15873,2019-04-04,0.33974
2019-04-05,0.07237,2019-04-05,0.14938,2019-04-05,0.29723
2019-04-06,0.07877,2019-04-06,0.17616,2019-04-06,0.32976
2019-04-07,0.06794,2019-04-07,0.19984,2019-04-07,0.41141
2019-04-08,0.06239,2019-04-08,0.19815,2019-04-08,0.38738
2019-04-09,0.07483,2019-04-09,0.19302,2019-04-09,0.34916
2019-04-10,0.12493,2019-04-10,0.18016,2019-04-10,0.30222
2019-04-11,0.07413,2019-04-11,0.17321,2019-04-11,0.28549
2019-04-12,0.05558,2019-04-12,0.18122,2019-04-12,0.27193
2019-04-13,0.05761,2019-04-13,0.18803,2019-04-13,0.28922
2019-04-14,0.07139,2019-04-14,0.20173,2019-04-14,0.3363
2019-04-15,0.05916,2019-04-15,0.20384,2019-04-15,0.32014
2019-04-16,0.04876,2019-04-16,0.22654,2019-04-16,0.33876
2019-04-17,0.04729,2019-04-17,0.27235,2019-04-17,0.3136
2019-04-18,0.05143,2019-04-18,0.26905,2019-04-18,0.26722
2019-04-19,0.04075,2019-04-19,0.23596,2019-04-19,0.2387
2019-04-20,0.04743,2019-04-20,0.28606,2019-04-20,0.25879
2019-04-21,0.04834,2019-04-21,0.3025,2019-04-21,0.2914
2019-04-22,0.04883,2019-04-22,0.4287,2019-04-22,0.26891
2019-04-23,0.04237,2019-04-23,0.38745,2019-04-23,0.23518
2019-04-24,0.04918,2019-04-24,0.39125,2019-04-24,0.2219
2019-04-25,0.04665,2019-04-25,0.32498,2019-04-25,0.1971
2019-04-26,0.05298,2019-04-26,0.26259,2019-04-26,0.16751
2019-04-27,0.04904,2019-04-27,0.3039,2019-04-27,0.20082
2019-04-28,0.05024,2019-04-28,0.29948,2019-04-28,0.24123
2019-04-29,0.04785,2019-04-29,0.25619,2019-04-29,0.22766
2019-04-30,0.0378,2019-04-30,0.24713,2019-04-30,0.20764
2019-05-01,0.03963,2019-05-01,0.31346,2019-05-01,0.2082
2019-05-02,0.04272,2019-05-02,0.3233,2019-05-02,0.19794
2019-05-03,0.03576,2019-05-03,0.32484,2019-05-03,0.16625
2019-05-04,0.04012,2019-05-04,0.39005,2019-05-04,0.16463
2019-05-05,0.0371,2019-05-05,0.42097,2019-05-05,0.15803
2019-05-06,0.04686,2019-05-06,0.42842,2019-05-06,0.18346
2019-05-07,0.04918,2019-05-07,0.35892,2019-05-07,0.18838
2019-05-08,0.04609,2019-05-08,0.31459,2019-05-08,0.19211
2019-05-09,0.05066,2019-05-09,0.32154,2019-05-09,0.1796
2019-05-10,0.04321,2019-05-10,0.32773,2019-05-10,0.14229
2019-05-11,0.04166,2019-05-11,0.4008,2019-05-11,0.13807
2019-05-12,0.05192,2019-05-12,0.44613,2019-05-12,0.1548
2019-05-13,0.04736,2019-05-13,0.42301,2019-05-13,0.16646
2019-05-14,0.04778,2019-05-14,0.40896,2019-05-14,0.14608
2019-05-15,0.04511,2019-05-15,0.43741,2019-05-15,0.13793
2019-05-16,0.05094,2019-05-16,0.46918,2019-05-16,0.11362
2019-05-17,0.04925,2019-05-17,0.40193,2019-05-17,0.0983
2019-05-18,0.04771,2019-05-18,0.41289,2019-05-18,0.10301
2019-05-19,0.05551,2019-05-19,0.42357,2019-05-19,0.11362
2019-05-20,0.0527,2019-05-20,0.38408,2019-05-20,0.12725
2019-05-21,0.0548,2019-05-21,0.3519,2019-05-21,0.12718
2019-05-22,0.05101,2019-05-22,0.36174,2019-05-22,0.11608
2019-05-23,0.04665,2019-05-23,0.35808,2019-05-23,0.10624
2019-05-24,0.04349,2019-05-24,0.36349,2019-05-24,0.08621
2019-05-25,0.04996,2019-05-25,0.39237,2019-05-25,0.07919
2019-05-26,0.06176,2019-05-26,0.43313,2019-05-26,0.08938
2019-05-27,0.06099,2019-05-27,0.36813,2019-05-27,0.10701
2019-05-28,0.05614,2019-05-28,0.34972,2019-05-28,0.10856
2019-05-29,0.06014,2019-05-29,0.3396,2019-05-29,0.10434
2019-05-30,0.05628,2019-05-30,0.31894,2019-05-30,0.09661
2019-05-31,0.04602,2019-05-31,0.27341,2019-05-31,0.0964
2019-06-01,0.05389,2019-06-01,0.31192,2019-06-01,0.08657
2019-06-02,0.06443,2019-06-02,0.34705,2019-06-02,0.09429
2019-06-03,0.05607,2019-06-03,0.33784,2019-06-03,0.09668
2019-06-04,0.05628,2019-06-04,0.33981,2019-06-04,0.09036
2019-06-05,0.05712,2019-06-05,0.3259,2019-06-05,0.08115
2019-06-06,0.06541,2019-06-06,0.34304,2019-06-06,0.0872
2019-06-07,0.05993,2019-06-07,0.28838,2019-06-07,0.08734
2019-06-08,0.06584,2019-06-08,0.32309,2019-06-08,0.08101
2019-06-09,0.09732,2019-06-09,0.31522,2019-06-09,0.09289
2019-06-10,0.06872,2019-06-10,0.29259,2019-06-10,0.09886
2019-06-11,0.05958,2019-06-11,0.29885,2019-06-11,0.10357
2019-06-12,0.06043,2019-06-12,0.29828,2019-06-12,0.09682
2019-06-13,0.06057,2019-06-13,0.29892,2019-06-13,0.09162
2019-06-14,0.05579,2019-06-14,0.25001,2019-06-14,0.08544
2019-06-15,0.06303,2019-06-15,0.27629,2019-06-15,0.07581
2019-06-16,0.07764,2019-06-16,0.28809,2019-06-16,0.082
2019-06-17,0.08108,2019-06-17,0.2791,2019-06-17,0.09134
2019-06-18,0.15191,2019-06-18,0.28416,2019-06-18,0.09465
2019-06-19,0.07827,2019-06-19,0.27734,2019-06-19,0.08495
2019-06-20,0.0735,2019-06-20,0.26575,2019-06-20,0.0846
2019-06-21,0.06548,2019-06-21,0.24579,2019-06-21,0.07841
2019-06-22,0.08066,2019-06-22,0.25479,2019-06-22,0.07743
2019-06-23,0.08909,2019-06-23,0.2746,2019-06-23,0.08397
2019-06-24,0.07666,2019-06-24,0.27411,2019-06-24,0.07912
2019-06-25,0.07919,2019-06-25,0.26842,2019-06-25,0.07666
2019-06-26,0.08235,2019-06-26,0.27432,2019-06-26,0.07912
2019-06-27,0.08101,2019-06-27,0.24565,2019-06-27,0.07441
2019-06-28,0.07792,2019-06-28,0.25458,2019-06-28,0.0638
2019-06-29,0.08664,2019-06-29,0.24411,2019-06-29,0.06464
2019-06-30,0.09837,2019-06-30,0.27334,2019-06-30,0.07413
2019-07-01,0.08101,2019-07-01,0.25612,2019-07-01,0.07877
2019-07-02,0.09528,2019-07-02,0.25872,2019-07-02,0.0761
2019-07-03,0.08333,2019-07-03,0.26336,2019-07-03,0.07715
2019-07-04,0.08122,2019-07-04,0.25584,2019-07-04,0.07188
2019-07-05,0.08052,2019-07-05,0.25542,2019-07-05,0.06794
2019-07-06,0.09465,2019-07-06,0.26737,2019-07-06,0.06127
2019-07-07,0.10505,2019-07-07,0.27664,2019-07-07,0.06949
2019-07-08,0.09015,2019-07-08,0.25605,2019-07-08,0.07504
2019-07-09,0.07919,2019-07-09,0.24643,2019-07-09,0.08059
2019-07-10,0.09872,2019-07-10,0.25661,2019-07-10,0.08579
2019-07-11,0.10758,2019-07-11,0.22851,2019-07-11,0.08291
2019-07-12,0.08973,2019-07-12,0.20279,2019-07-12,0.07083
2019-07-13,0.10441,2019-07-13,0.21424,2019-07-13,0.06527
2019-07-14,0.12261,2019-07-14,0.24151,2019-07-14,0.07314
2019-07-15,0.11271,2019-07-15,0.2174,2019-07-15,0.07813
2019-07-16,0.11067,2019-07-16,0.21712,2019-07-16,0.08087
2019-07-17,0.10357,2019-07-17,0.22422,2019-07-17,0.08242
2019-07-18,0.11172,2019-07-18,0.20609,2019-07-18,0.07279
2019-07-19,0.11327,2019-07-19,0.21825,2019-07-19,0.06696
2019-07-20,0.1347,2019-07-20,0.20356,2019-07-20,0.06317
2019-07-21,0.14538,2019-07-21,0.22949,2019-07-21,0.07574
2019-07-22,0.1295,2019-07-22,0.23792,2019-07-22,0.07504
2019-07-23,0.1399,2019-07-23,0.24116,2019-07-23,0.073
2019-07-24,0.14924,2019-07-24,0.2257,2019-07-24,0.07455
2019-07-25,0.3486,2019-07-25,0.24502,2019-07-25,0.07406
2019-07-26,0.16801,2019-07-26,0.23083,2019-07-26,0.06647
2019-07-27,0.15093,2019-07-27,0.19169,2019-07-27,0.0567
2019-07-28,0.17468,2019-07-28,0.20581,2019-07-28,0.07209
2019-07-29,0.15451,2019-07-29,0.23764,2019-07-29,0.07392
2019-07-30,0.16955,2019-07-30,0.23357,2019-07-30,0.06984
2019-07-31,0.15114,2019-07-31,0.23905,2019-07-31,0.07125
2019-08-01,0.16224,2019-08-01,0.22113,2019-08-01,0.07033
2019-08-02,0.16112,2019-08-02,0.19583,2019-08-02,0.06745
2019-08-03,0.15184,2019-08-03,0.18515,2019-08-03,0.05804
2019-08-04,0.18269,2019-08-04,0.20124,2019-08-04,0.06801
2019-08-05,0.20159,2019-08-05,0.19218,2019-08-05,0.06991
2019-08-06,0.23167,2019-08-06,0.19063,2019-08-06,0.07834
2019-08-07,0.1997,2019-08-07,0.18958,2019-08-07,0.07595
2019-08-08,0.20307,2019-08-08,0.17194,2019-08-08,0.08122
2019-08-09,0.21382,2019-08-09,0.16309,2019-08-09,0.0782
2019-08-10,0.21073,2019-08-10,0.15381,2019-08-10,0.07223
2019-08-11,0.24874,2019-08-11,0.16723,2019-08-11,0.08973
2019-08-12,0.24657,2019-08-12,0.15416,2019-08-12,0.1009
2019-08-13,0.32506,2019-08-13,0.16126,2019-08-13,0.1016
2019-08-14,0.26385,2019-08-14,0.1477,2019-08-14,0.09577
2019-08-15,0.29814,2019-08-15,0.14664,2019-08-15,0.10491
2019-08-16,0.25928,2019-08-16,0.12697,2019-08-16,0.10863
2019-08-17,0.26638,2019-08-17,0.11847,2019-08-17,0.11411
2019-08-18,0.32105,2019-08-18,0.12479,2019-08-18,0.13892
2019-08-19,0.34909,2019-08-19,0.12205,2019-08-19,0.1543
2019-08-20,0.3039,2019-08-20,0.12296,2019-08-20,0.1465
2019-08-21,0.30707,2019-08-21,0.12866,2019-08-21,0.15655
2019-08-22,0.28346,2019-08-22,0.10729,2019-08-22,0.14924
2019-08-23,0.27467,2019-08-23,0.0964,2019-08-23,0.15339
2019-08-24,0.31346,2019-08-24,0.09458,2019-08-24,0.19155
2019-08-25,0.38232,2019-08-25,0.10596,2019-08-25,0.2245
2019-08-26,0.38675,2019-08-26,0.10561,2019-08-26,0.23195
2019-08-27,0.35745,2019-08-27,0.10048,2019-08-27,0.25043
2019-08-28,0.35288,2019-08-28,0.09992,2019-08-28,0.23757
2019-08-29,0.34213,2019-08-29,0.09458,2019-08-29,0.26512
2019-08-30,0.31719,2019-08-30,0.0865,2019-08-30,0.29238
2019-08-31,0.3278,2019-08-31,0.09331,2019-08-31,0.28451
2019-09-01,0.43404,2019-09-01,0.1113,2019-09-01,0.3481
2019-09-02,0.43116,2019-09-02,0.10505,2019-09-02,0.35253
2019-09-03,0.54823,2019-09-03,0.09401,2019-09-03,0.3779
2019-09-04,0.39413,2019-09-04,0.09879,2019-09-04,0.35829
2019-09-05,0.39975,2019-09-05,0.09085,2019-09-05,0.32407
2019-09-06,0.35351,2019-09-06,0.08073,2019-09-06,0.27032
2019-09-07,0.41928,2019-09-07,0.07518,2019-09-07,0.28901
2019-09-08,0.44493,2019-09-08,0.08277,2019-09-08,0.30636
2019-09-09,0.42659,2019-09-09,0.08945,2019-09-09,0.26308
2019-09-10,0.36715,2019-09-10,0.08523,2019-09-10,0.246
2019-09-11,0.37101,2019-09-11,0.07462,2019-09-11,0.20637
2019-09-12,0.38296,2019-09-12,0.05993,2019-09-12,0.25092
2019-09-13,0.41268,2019-09-13,0.05874,2019-09-13,0.24474
2019-09-14,0.45688,2019-09-14,0.07033,2019-09-14,0.31367
2019-09-15,0.53164,2019-09-15,0.07785,2019-09-15,0.32913
2019-09-16,0.59545,2019-09-16,0.09865,2019-09-16,0.33061
2019-09-17,0.4833,2019-09-17,0.09942,2019-09-17,0.35682
2019-09-18,0.47177,2019-09-18,0.09935,2019-09-18,0.38549
2019-09-19,0.56024,2019-09-19,0.08846,2019-09-19,0.45856
2019-09-20,0.49321,2019-09-20,0.08052,2019-09-20,0.42181
2019-09-21,0.56249,2019-09-21,0.07595,2019-09-21,0.42132
2019-09-22,0.77245,2019-09-22,0.08741,2019-09-22,0.50101
2019-09-23,0.63107,2019-09-23,0.09654,2019-09-23,0.5256
2019-09-24,0.83612,2019-09-24,0.09444,2019-09-24,0.49068
2019-09-25,0.56664,2019-09-25,0.09352,2019-09-25,0.42568
2019-09-26,0.48527,2019-09-26,0.09177,2019-09-26,0.36609
2019-09-27,0.43376,2019-09-27,0.07708,2019-09-27,0.30011
2019-09-28,0.40551,2019-09-28,0.07687,2019-09-28,0.26856
2019-09-29,0.48119,2019-09-29,0.09064,2019-09-29,0.30173
2019-09-30,0.47782,2019-09-30,0.0976,2019-09-30,0.28571
2019-10-01,0.54956,2019-10-01,0.10856,2019-10-01,0.28521
2019-10-02,0.44226,2019-10-02,0.09732,2019-10-02,0.27615
2019-10-03,0.47044,2019-10-03,0.09458,2019-10-03,0.26849
2019-10-04,0.46004,2019-10-04,0.0931,2019-10-04,0.25985
2019-10-05,0.54436,2019-10-05,0.07701,2019-10-05,0.29449
2019-10-06,0.70731,2019-10-06,0.08628,2019-10-06,0.35562
2019-10-07,1.02303,2019-10-07,0.09141,2019-10-07,0.42188
2019-10-08,0.97026,2019-10-08,0.08115,2019-10-08,0.3793
2019-10-09,1.19497,2019-10-09,0.08446,2019-10-09,0.38289
2019-10-10,1.24732,2019-10-10,0.09148,2019-10-10,0.38527
2019-10-11,0.97475,2019-10-11,0.07884,2019-10-11,0.29414
2019-10-12,0.8586,2019-10-12,0.07195,2019-10-12,0.27495
2019-10-13,0.89711,2019-10-13,0.08045,2019-10-13,0.31704
2019-10-14,1.02795,2019-10-14,0.0853,2019-10-14,0.33047
2019-10-15,1.22688,2019-10-15,0.09324,2019-10-15,0.35267
2019-10-16,1.29602,2019-10-16,0.09682,2019-10-16,0.35218
2019-10-17,1.31935,2019-10-17,0.0983,2019-10-17,0.31859
2019-10-18,1.05324,2019-10-18,0.08628,2019-10-18,0.2713
2019-10-19,0.92058,2019-10-19,0.07855,2019-10-19,0.24298
2019-10-20,1.04945,2019-10-20,0.09584,2019-10-20,0.28964
2019-10-21,1.08374,2019-10-21,0.11341,2019-10-21,0.29083
2019-10-22,0.90779,2019-10-22,0.10968,2019-10-22,0.28528
2019-10-23,0.90364,2019-10-23,0.10758,2019-10-23,0.27179
2019-10-24,0.88432,2019-10-24,0.10209,2019-10-24,0.25823
2019-10-25,0.93772,2019-10-25,0.08987,2019-10-25,0.22352
2019-10-26,1.26349,2019-10-26,0.08038,2019-10-26,0.22682
2019-10-27,1.74173,2019-10-27,0.09134,2019-10-27,0.24628
2019-10-28,2.09729,2019-10-28,0.10912,2019-10-28,0.2758
2019-10-29,1.87615,2019-10-29,0.1042,2019-10-29,0.25001
2019-10-30,2.23895,2019-10-30,0.10575,2019-10-30,0.24179
2019-10-31,1.63563,2019-10-31,0.09465,2019-10-31,0.21298
2019-11-01,1.50219,2019-11-01,0.09696,2019-11-01,0.1919
2019-11-02,1.58306,2019-11-02,0.08888,2019-11-02,0.19162
2019-11-03,1.65045,2019-11-03,0.10842,2019-11-03,0.2257
2019-11-04,1.56943,2019-11-04,0.12901,2019-11-04,0.22204
2019-11-05,1.69915,2019-11-05,0.12627,2019-11-05,0.22563
2019-11-06,1.87854,2019-11-06,0.11889,2019-11-06,0.21319
2019-11-07,2.47603,2019-11-07,0.12514,2019-11-07,0.20616
2019-11-08,4.64978,2019-11-08,0.10736,2019-11-08,0.17503
2019-11-09,3.72751,2019-11-09,0.10617,2019-11-09,0.16217
2019-11-10,3.67797,2019-11-10,0.11355,2019-11-10,0.18122
2019-11-11,3.24849,2019-11-11,0.12859,2019-11-11,0.17426
2019-11-12,2.96791,2019-11-12,0.13083,2019-11-12,0.17377
2019-11-13,3.99923,2019-11-13,0.13027,2019-11-13,0.18164
2019-11-14,6.90131,2019-11-14,0.12514,2019-11-14,0.15578
2019-11-15,5.35309,2019-11-15,0.10568,2019-11-15,0.13772
2019-11-16,3.93135,2019-11-16,0.10378,2019-11-16,0.13126
2019-11-17,4.05924,2019-11-17,0.13189,2019-11-17,0.15648
2019-11-18,5.5731,2019-11-18,0.13723,2019-11-18,0.15515
2019-11-19,7.13291,2019-11-19,0.13547,2019-11-19,0.15676
2019-11-20,6.27311,2019-11-20,0.12163,2019-11-20,0.14931
2019-11-21,4.55962,2019-11-21,0.12339,2019-11-21,0.12606
2019-11-22,2.94528,2019-11-22,0.11032,2019-11-22,0.1094
2019-11-23,2.43225,2019-11-23,0.10954,2019-11-23,0.11994
2019-11-24,2.52114,2019-11-24,0.14046,2019-11-24,0.15191
2019-11-25,3.13149,2019-11-25,0.14686,2019-11-25,0.13639
2019-11-26,2.53239,2019-11-26,0.15023,2019-11-26,0.13913
2019-11-27,2.64186,2019-11-27,0.13596,2019-11-27,0.13083
2019-11-28,2.47385,2019-11-28,0.13582,2019-11-28,0.13751
2019-11-29,2.35117,2019-11-29,0.11397,2019-11-29,0.11776
2019-11-30,2.36669,2019-11-30,0.11798,2019-11-30,0.12128
2019-12-01,2.8032,2019-12-01,0.14903,2019-12-01,0.15009
2019-12-02,3.2969,2019-12-02,0.1633,2019-12-02,0.14419
2019-12-03,3.51776,2019-12-03,0.16217,2019-12-03,0.14791
2019-12-04,2.80826,2019-12-04,0.16154,2019-12-04,0.13716
2019-12-05,3.50876,2019-12-05,0.14847,2019-12-05,0.13983
2019-12-06,3.88097,2019-12-06,0.13315,2019-12-06,0.11671
2019-12-07,3.15131,2019-12-07,0.1347,2019-12-07,0.12556
2019-12-08,2.85309,2019-12-08,0.16618,2019-12-08,0.14833
2019-12-09,2.47645,2019-12-09,0.1692,2019-12-09,0.14271
2019-12-10,1.94206,2019-12-10,0.16421,2019-12-10,0.14123
2019-12-11,1.7002,2019-12-11,0.16344,2019-12-11,0.134
2019-12-12,1.69845,2019-12-12,0.14819,2019-12-12,0.13653
2019-12-13,1.51034,2019-12-13,0.14116,2019-12-13,0.12036
2019-12-14,1.49396,2019-12-14,0.13934,2019-12-14,0.12275
2019-12-15,1.50992,2019-12-15,0.16765,2019-12-15,0.14468
2019-12-16,1.21753,2019-12-16,0.17574,2019-12-16,0.13547
2019-12-17,1.13391,2019-12-17,0.17686,2019-12-17,0.13646
2019-12-18,1.17059,2019-12-18,0.1751,2019-12-18,0.13702
2019-12-19,1.25667,2019-12-19,0.16379,2019-12-19,0.1236
2019-12-20,1.25323,2019-12-20,0.15353,2019-12-20,0.12107
2019-12-21,1.27353,2019-12-21,0.1406,2019-12-21,0.11608
2019-12-22,1.32378,2019-12-22,0.16709,2019-12-22,0.14018
2019-12-23,1.15106,2019-12-23,0.16618,2019-12-23,0.12493
2019-12-24,0.91924,2019-12-24,0.13231,2019-12-24,0.10617
2019-12-25,1.04193,2019-12-25,0.15093,2019-12-25,0.12521
2019-12-26,1.10918,2019-12-26,0.16597,2019-12-26,0.13069
2019-12-27,1.01811,2019-12-27,0.151,2019-12-27,0.11306
2019-12-28,1.01263,2019-12-28,0.1491,2019-12-28,0.11994
2019-12-29,1.081,2019-12-29,0.17117,2019-12-29,0.13821
2019-12-30,0.95845,2019-12-30,0.17124,2019-12-30,0.12282
2019-12-31,1.13026,2019-12-31,0.13252,2019-12-31,0.10617
2020-01-01,1.2254,2020-01-01,0.16435,2020-01-01,0.12339
2020-01-02,1.08782,2020-01-02,0.18178,2020-01-02,0.13505
2020-01-03,0.90027,2020-01-03,0.18874,2020-01-03,0.12908
2020-01-04,0.87244,2020-01-04,0.19155,2020-01-04,0.14721
2020-01-05,0.95487,2020-01-05,0.20897,2020-01-05,0.17356
2020-01-06,0.80913,2020-01-06,0.21923,2020-01-06,0.17068
2020-01-07,0.70366,2020-01-07,0.22183,2020-01-07,0.17138
2020-01-08,0.70507,2020-01-08,0.20967,2020-01-08,0.17798
2020-01-09,0.72116,2020-01-09,0.20117,2020-01-09,0.16611
2020-01-10,0.65054,2020-01-10,0.18515,2020-01-10,0.16105
2020-01-11,0.64681,2020-01-11,0.18044,2020-01-11,0.16077
2020-01-12,0.76135,2020-01-12,0.21143,2020-01-12,0.19576
2020-01-13,0.77618,2020-01-13,0.20616,2020-01-13,0.20497
2020-01-14,0.74217,2020-01-14,0.21052,2020-01-14,0.18951
2020-01-15,0.70886,2020-01-15,0.20258,2020-01-15,0.19703
2020-01-16,0.68799,2020-01-16,0.19935,2020-01-16,0.18536
2020-01-17,0.59763,2020-01-17,0.17328,2020-01-17,0.17215
2020-01-18,0.60437,2020-01-18,0.17075,2020-01-18,0.19464
2020-01-19,0.65967,2020-01-19,0.2018,2020-01-19,0.20904
2020-01-20,0.55111,2020-01-20,0.19049,2020-01-20,0.1985
2020-01-21,0.54043,2020-01-21,0.1763,2020-01-21,0.18115
2020-01-22,0.44402,2020-01-22,0.15571,2020-01-22,0.17061
2020-01-23,0.3845,2020-01-23,0.12823,2020-01-23,0.15655
2020-01-24,0.33869,2020-01-24,0.12184,2020-01-24,0.14875
2020-01-25,0.36321,2020-01-25,0.11228,2020-01-25,0.17784
2020-01-26,0.4157,2020-01-26,0.14018,2020-01-26,0.22443
2020-01-27,0.46229,2020-01-27,0.15536,2020-01-27,0.25177
2020-01-28,0.37108,2020-01-28,0.14545,2020-01-28,0.24818
2020-01-29,0.34023,2020-01-29,0.14236,2020-01-29,0.23701
2020-01-30,0.31459,2020-01-30,0.13013,2020-01-30,0.2401
2020-01-31,0.30854,2020-01-31,0.11102,2020-01-31,0.21537
2020-02-01,0.33995,2020-02-01,0.11474,2020-02-01,0.24418
2020-02-02,0.35668,2020-02-02,0.11783,2020-02-02,0.27594
2020-02-03,0.38703,2020-02-03,0.13519,2020-02-03,0.24931
2020-02-04,0.40931,2020-02-04,0.12015,2020-02-04,0.24867
2020-02-05,0.52244,2020-02-05,0.12043,2020-02-05,0.23111
2020-02-06,0.54352,2020-02-06,0.11214,2020-02-06,0.23076
2020-02-07,0.43235,2020-02-07,0.10153,2020-02-07,0.21733
2020-02-08,0.45955,2020-02-08,0.10048,2020-02-08,0.27186
2020-02-09,0.45308,2020-02-09,0.11538,2020-02-09,0.30257
2020-02-10,0.3682,2020-02-10,0.1158,2020-02-10,0.2973
2020-02-11,0.32161,2020-02-11,0.12465,2020-02-11,0.32997
2020-02-12,0.28128,2020-02-12,0.12767,2020-02-12,0.31754
2020-02-13,0.26231,2020-02-13,0.11186,2020-02-13,0.33454
2020-02-14,0.23005,2020-02-14,0.1106,2020-02-14,0.31487
2020-02-15,0.20911,2020-02-15,0.10455,2020-02-15,0.35935
2020-02-16,0.32878,2020-02-16,0.10638,2020-02-16,0.36145
2020-02-17,0.38703,2020-02-17,0.11397,2020-02-17,0.31543
2020-02-18,0.35654,2020-02-18,0.11165,2020-02-18,0.30496
2020-02-19,0.28746,2020-02-19,0.10905,2020-02-19,0.29203
2020-02-20,0.23321,2020-02-20,0.09893,2020-02-20,0.311
2020-02-21,0.18108,2020-02-21,0.09619,2020-02-21,0.25928
2020-02-22,0.1803,2020-02-22,0.08347,2020-02-22,0.28662
2020-02-23,0.1919,2020-02-23,0.08158,2020-02-23,0.30243
2020-02-24,0.16309,2020-02-24,0.09619,2020-02-24,0.28788
2020-02-25,0.1652,2020-02-25,0.10736,2020-02-25,0.29308
2020-02-26,0.15557,2020-02-26,0.10062,2020-02-26,0.30749
2020-02-27,0.15571,2020-02-27,0.10582,2020-02-27,0.31234
2020-02-28,0.16007,2020-02-28,0.1002,2020-02-28,0.29632
2020-02-29,0.14889,2020-02-29,0.10483,2020-02-29,0.3221
2020-03-01,0.15993,2020-03-01,0.10989,2020-03-01,0.38675
2020-03-02,0.1588,2020-03-02,0.11629,2020-03-02,0.34621
2020-03-03,0.17054,2020-03-03,0.12528,2020-03-03,0.35871
2020-03-04,0.18831,2020-03-04,0.12402,2020-03-04,0.34368
2020-03-05,0.18684,2020-03-05,0.12332,2020-03-05,0.33524
2020-03-06,0.16386,2020-03-06,0.12163,2020-03-06,0.31971
2020-03-07,0.15444,2020-03-07,0.10392,2020-03-07,0.35457
2020-03-08,0.14383,2020-03-08,0.13196,2020-03-08,0.42856
2020-03-09,0.1451,2020-03-09,0.13379,2020-03-09,0.42097
2020-03-10,0.15128,2020-03-10,0.12795,2020-03-10,0.3793
2020-03-11,0.16175,2020-03-11,0.12746,2020-03-11,0.38415
2020-03-12,0.1366,2020-03-12,0.13357,2020-03-12,0.3826
2020-03-13,0.14517,2020-03-13,0.1184,2020-03-13,0.36019
2020-03-14,0.14622,2020-03-14,0.11186,2020-03-14,0.36925
2020-03-15,0.16421,2020-03-15,0.11776,2020-03-15,0.40558
2020-03-16,0.17363,2020-03-16,0.12592,2020-03-16,0.36504
2020-03-17,0.14608,2020-03-17,0.12346,2020-03-17,0.37298
2020-03-18,0.13702,2020-03-18,0.13372,2020-03-18,0.40776
2020-03-19,0.14946,2020-03-19,0.13308,2020-03-19,0.35766
2020-03-20,0.11805,2020-03-20,0.12887,2020-03-20,0.36047
2020-03-21,0.09394,2020-03-21,0.1477,2020-03-21,0.4065
2020-03-22,0.09338,2020-03-22,0.16864,2020-03-22,0.47501
2020-03-23,0.10624,2020-03-23,0.15887,2020-03-23,0.45055
2020-03-24,0.09507,2020-03-24,0.16885,2020-03-24,0.46355
2020-03-25,0.08607,2020-03-25,0.17257,2020-03-25,0.46426
2020-03-26,0.08333,2020-03-26,0.1789,2020-03-26,0.43158
2020-03-27,0.08031,2020-03-27,0.17152,2020-03-27,0.36363
2020-03-28,0.08242,2020-03-28,0.17124,2020-03-28,0.38071
2020-03-29,0.0886,2020-03-29,0.16288,2020-03-29,0.41345
2020-03-30,0.08572,2020-03-30,0.16393,2020-03-30,0.42701
2020-03-31,0.07722,2020-03-31,0.17714,2020-03-31,0.40678
2020-04-01,0.07553,2020-04-01,0.1815,2020-04-01,0.40347
2020-04-02,0.07539,2020-04-02,0.17925,2020-04-02,0.38155
2020-04-03,0.0756,2020-04-03,0.18782,2020-04-03,0.34979
2020-04-04,0.07357,2020-04-04,0.16857,2020-04-04,0.3767
2020-04-05,0.08214,2020-04-05,0.17152,2020-04-05,0.39968
2020-04-06,0.07884,2020-04-06,0.17124,2020-04-06,0.39792
2020-04-07,0.07357,2020-04-07,0.18382,2020-04-07,0.39378
2020-04-08,0.0794,2020-04-08,0.18115,2020-04-08,0.39083
2020-04-09,0.07764,2020-04-09,0.18445,2020-04-09,0.35042
2020-04-10,0.06907,2020-04-10,0.1763,2020-04-10,0.3221
2020-04-11,0.06731,2020-04-11,0.17075,2020-04-11,0.32217
2020-04-12,0.07476,2020-04-12,0.17194,2020-04-12,0.37888
2020-04-13,0.07919,2020-04-13,0.17714,2020-04-13,0.35274
2020-04-14,0.06478,2020-04-14,0.19618,2020-04-14,0.33103
2020-04-15,0.06155,2020-04-15,0.21755,2020-04-15,0.35534
2020-04-16,0.06401,2020-04-16,0.22654,2020-04-16,0.33398
2020-04-17,0.0645,2020-04-17,0.19857,2020-04-17,0.28578
2020-04-18,0.05431,2020-04-18,0.22408,2020-04-18,0.31388
2020-04-19,0.05909,2020-04-19,0.22064,2020-04-19,0.376
2020-04-20,0.07476,2020-04-20,0.19928,2020-04-20,0.35527
2020-04-21,0.1028,2020-04-21,0.20483,2020-04-21,0.33426
2020-04-22,0.14868,2020-04-22,0.19386,2020-04-22,0.30629
2020-04-23,0.11327,2020-04-23,0.18775,2020-04-23,0.29498
2020-04-24,0.08706,2020-04-24,0.1822,2020-04-24,0.25282
2020-04-25,0.05621,2020-04-25,0.17707,2020-04-25,0.29716
2020-04-26,0.06267,2020-04-26,0.22007,2020-04-26,0.32618
2020-04-27,0.06794,2020-04-27,0.2245,2020-04-27,0.34016
2020-04-28,2.75668,2020-04-28,0.22324,2020-04-28,0.34297
2020-04-29,0.21846,2020-04-29,0.2368,2020-04-29,0.2999
2020-04-30,0.08664,2020-04-30,0.31311,2020-04-30,0.3025
2020-05-01,0.06232,2020-05-01,0.50543,2020-05-01,0.25184
2020-05-02,0.05347,2020-05-02,0.51632,2020-05-02,0.23694
2020-05-03,0.06422,2020-05-03,0.58912,2020-05-03,0.24235
2020-05-04,0.06387,2020-05-04,0.6504,2020-05-04,0.23223
2020-05-05,0.06928,2020-05-05,0.54352,2020-05-05,0.2349
2020-05-06,0.06731,2020-05-06,0.60065,2020-05-06,0.24179
2020-05-07,0.06471,2020-05-07,0.50164,2020-05-07,0.2049
2020-05-08,0.05712,2020-05-08,0.43706,2020-05-08,0.18108
2020-05-09,0.05087,2020-05-09,0.41036,2020-05-09,0.18536
2020-05-10,0.0553,2020-05-10,0.40369,2020-05-10,0.20321
2020-05-11,0.06232,2020-05-11,0.44795,2020-05-11,0.21403
2020-05-12,0.06984,2020-05-12,0.3916,2020-05-12,0.22022
2020-05-13,0.0664,2020-05-13,0.4027,2020-05-13,0.22029
2020-05-14,0.06345,2020-05-14,0.36033,2020-05-14,0.18241
2020-05-15,0.0612,2020-05-15,0.32182,2020-05-15,0.17468
2020-05-16,0.06274,2020-05-16,0.35239,2020-05-16,0.17131
2020-05-17,0.05937,2020-05-17,0.41472,2020-05-17,0.1855
2020-05-18,0.06675,2020-05-18,0.41001,2020-05-18,0.19857
2020-05-19,0.07624,2020-05-19,0.35632,2020-05-19,0.21045
2020-05-20,0.07441,2020-05-20,0.34698,2020-05-20,0.20539
2020-05-21,0.06422,2020-05-21,0.34002,2020-05-21,0.19436
2020-05-22,0.06057,2020-05-22,0.32744,2020-05-22,0.17454
2020-05-23,0.0482,2020-05-23,0.35379,2020-05-23,0.1588
2020-05-24,0.05305,2020-05-24,0.37277,2020-05-24,0.18754
2020-05-25,0.06387,2020-05-25,0.37846,2020-05-25,0.19134
2020-05-26,0.06148,2020-05-26,0.36455,2020-05-26,0.19787
2020-05-27,0.05122,2020-05-27,0.34733,2020-05-27,0.19155
2020-05-28,0.04722,2020-05-28,0.39708,2020-05-28,0.16344
2020-05-29,0.04223,2020-05-29,0.36012,2020-05-29,0.13632
2020-05-30,0.04469,2020-05-30,0.40544,2020-05-30,0.12121
2020-05-31,0.05101,2020-05-31,0.41549,2020-05-31,0.13498
2020-06-01,0.04314,2020-06-01,0.42793,2020-06-01,0.13639
2020-06-02,0.04504,2020-06-02,0.37038,2020-06-02,0.14742
2020-06-03,0.0397,2020-06-03,0.39216,2020-06-03,0.13393
2020-06-04,0.0418,2020-06-04,0.39813,2020-06-04,0.12036
2020-06-05,0.03885,2020-06-05,0.37642,2020-06-05,0.10224
2020-06-06,0.04539,2020-06-06,0.39012,2020-06-06,0.09198
2020-06-07,0.0548,2020-06-07,0.42582,2020-06-07,0.10139
2020-06-08,0.04567,2020-06-08,0.43383,2020-06-08,0.10139
2020-06-09,0.04567,2020-06-09,0.43467,2020-06-09,0.09429
2020-06-10,0.04665,2020-06-10,0.41022,2020-06-10,0.08586
2020-06-11,0.04518,2020-06-11,0.41106,2020-06-11,0.08565
2020-06-12,0.04363,2020-06-12,0.36715,2020-06-12,0.07799
2020-06-13,0.04265,2020-06-13,0.38696,2020-06-13,0.07195
2020-06-14,0.05333,2020-06-14,0.36869,2020-06-14,0.08432
2020-06-15,0.05501,2020-06-15,0.35274,2020-06-15,0.08319
2020-06-16,0.04546,2020-06-16,0.33447,2020-06-16,0.09008
2020-06-17,0.05171,2020-06-17,0.33588,2020-06-17,0.08425
2020-06-18,0.05284,2020-06-18,0.30348,2020-06-18,0.09289
2020-06-19,0.05192,2020-06-19,0.27994,2020-06-19,0.07905
2020-06-20,0.06043,2020-06-20,0.29533,2020-06-20,0.06816
2020-06-21,0.06029,2020-06-21,0.32056,2020-06-21,0.08144
2020-06-22,0.05523,2020-06-22,0.33848,2020-06-22,0.082
2020-06-23,0.05804,2020-06-23,0.31269,2020-06-23,0.07666
2020-06-24,0.0683,2020-06-24,0.29603,2020-06-24,0.09001
2020-06-25,0.06527,2020-06-25,0.27109,2020-06-25,0.08755
2020-06-26,0.05888,2020-06-26,0.25823,2020-06-26,0.08137
2020-06-27,0.06366,2020-06-27,0.26505,2020-06-27,0.0742
2020-06-28,0.07237,2020-06-28,0.29203,2020-06-28,0.08045
2020-06-29,0.05797,2020-06-29,0.27397,2020-06-29,0.08586
2020-06-30,0.05516,2020-06-30,0.24952,2020-06-30,0.09844
2020-07-01,0.06464,2020-07-01,0.27418,2020-07-01,0.10273
2020-07-02,0.073,2020-07-02,0.2668,2020-07-02,0.08692
2020-07-03,0.0782,2020-07-03,0.2394,2020-07-03,0.08291
2020-07-04,0.06626,2020-07-04,0.24221,2020-07-04,0.08628
2020-07-05,0.08024,2020-07-05,0.26104,2020-07-05,0.08938
2020-07-06,0.06527,2020-07-06,0.25324,2020-07-06,0.08987
2020-07-07,0.07427,2020-07-07,0.25394,2020-07-07,0.09444
2020-07-08,0.07195,2020-07-08,0.2524,2020-07-08,0.08404
2020-07-09,0.06281,2020-07-09,0.24748,2020-07-09,0.08115
2020-07-10,0.07125,2020-07-10,0.2356,2020-07-10,0.07104
2020-07-11,0.08488,2020-07-11,0.24917,2020-07-11,0.07188
2020-07-12,0.10083,2020-07-12,0.25739,2020-07-12,0.10195
2020-07-13,0.08931,2020-07-13,0.22324,2020-07-13,0.1283
2020-07-14,0.08228,2020-07-14,0.21382,2020-07-14,0.12549
2020-07-15,0.08509,2020-07-15,0.22752,2020-07-15,0.12001
2020-07-16,0.07862,2020-07-16,0.21958,2020-07-16,0.10097
2020-07-17,0.07701,2020-07-17,0.21291,2020-07-17,0.0794
2020-07-18,0.07834,2020-07-18,0.20967,2020-07-18,0.08418
2020-07-19,0.09479,2020-07-19,0.21762,2020-07-19,0.10055
2020-07-20,0.09978,2020-07-20,0.21066,2020-07-20,0.09001
2020-07-21,0.09359,2020-07-21,0.2231,2020-07-21,0.08628
2020-07-22,0.09704,2020-07-22,0.21797,2020-07-22,0.09851
2020-07-23,0.09795,2020-07-23,0.18557,2020-07-23,0.1139
2020-07-24,0.09921,2020-07-24,0.16829,2020-07-24,0.1028
2020-07-25,0.10786,2020-07-25,0.1744,2020-07-25,0.10736
2020-07-26,0.11053,2020-07-26,0.20293,2020-07-26,0.1087
2020-07-27,0.10336,2020-07-27,0.18368,2020-07-27,0.10174
2020-07-28,0.10933,2020-07-28,0.19597,2020-07-28,0.09668
2020-07-29,0.10273,2020-07-29,0.18649,2020-07-29,0.10266
2020-07-30,0.09942,2020-07-30,0.17665,2020-07-30,0.09162
2020-07-31,0.09254,2020-07-31,0.17363,2020-07-31,0.0768
2020-08-01,0.10413,2020-08-01,0.18354,2020-08-01,0.09099
2020-08-02,0.12261,2020-08-02,0.20012,2020-08-02,0.09444
2020-08-03,0.11256,2020-08-03,0.18944,2020-08-03,0.10905
2020-08-04,0.12683,2020-08-04,0.19351,2020-08-04,0.09619
2020-08-05,0.13948,2020-08-05,0.18628,2020-08-05,0.09675
2020-08-06,0.13161,2020-08-06,0.17124,2020-08-06,0.0976
2020-08-07,0.12029,2020-08-07,0.1626,2020-08-07,0.10216
2020-08-08,0.13575,2020-08-08,0.15269,2020-08-08,0.10982
2020-08-09,0.15374,2020-08-09,0.17981,2020-08-09,0.12416
2020-08-10,0.14559,2020-08-10,0.18417,2020-08-10,0.11819
2020-08-11,0.14032,2020-08-11,0.16513,2020-08-11,0.11538
2020-08-12,0.14749,2020-08-12,0.16527,2020-08-12,0.10751
2020-08-13,0.16723,2020-08-13,0.15859,2020-08-13,0.10238
2020-08-14,0.15634,2020-08-14,0.14875,2020-08-14,0.099
2020-08-15,0.16238,2020-08-15,0.14327,2020-08-15,0.10287
2020-08-16,0.16808,2020-08-16,0.1569,2020-08-16,0.10996
2020-08-17,0.18094,2020-08-17,0.17103,2020-08-17,0.10357
2020-08-18,0.16983,2020-08-18,0.15655,2020-08-18,0.10139
2020-08-19,0.17819,2020-08-19,0.15072,2020-08-19,0.11109
2020-08-20,0.18951,2020-08-20,0.16147,2020-08-20,0.11474
2020-08-21,0.19878,2020-08-21,0.13463,2020-08-21,0.12317
2020-08-22,0.21431,2020-08-22,0.1172,2020-08-22,0.1496
2020-08-23,0.24931,2020-08-23,0.13048,2020-08-23,0.16112
2020-08-24,0.23272,2020-08-24,0.12992,2020-08-24,0.14299
2020-08-25,0.23624,2020-08-25,0.14151,2020-08-25,0.14468
2020-08-26,0.259,2020-08-26,0.12402,2020-08-26,0.16737
2020-08-27,0.26582,2020-08-27,0.11643,2020-08-27,0.16253
2020-08-28,0.21902,2020-08-28,0.11369,2020-08-28,0.15993
2020-08-29,0.25844,2020-08-29,0.10392,2020-08-29,0.18002
2020-08-30,0.27495,2020-08-30,0.10905,2020-08-30,0.20272
2020-08-31,0.25844,2020-08-31,0.10491,2020-08-31,0.2023
2020-09-01,0.28065,2020-09-01,0.10638,2020-09-01,0.22872
2020-09-02,0.28634,2020-09-02,0.10294,2020-09-02,0.26224
2020-09-03,0.30721,2020-09-03,0.09015,2020-09-03,0.3389
2020-09-04,0.31367,2020-09-04,0.08488,2020-09-04,0.3741
2020-09-05,0.36462,2020-09-05,0.07884,2020-09-05,0.46313
2020-09-06,0.46784,2020-09-06,0.07553,2020-09-06,0.63438
2020-09-07,0.56397,2020-09-07,0.08298,2020-09-07,0.78166
2020-09-08,0.41198,2020-09-08,0.07982,2020-09-08,0.61013
2020-09-09,0.38823,2020-09-09,0.0742,2020-09-09,0.58006
2020-09-10,0.3533,2020-09-10,0.07581,2020-09-10,0.4795
2020-09-11,0.36595,2020-09-11,0.07054,2020-09-11,0.44493
2020-09-12,0.43502,2020-09-12,0.06303,2020-09-12,0.54169
2020-09-13,0.44254,2020-09-13,0.06633,2020-09-13,0.58378
2020-09-14,0.42835,2020-09-14,0.07497,2020-09-14,0.54492
2020-09-15,0.34754,2020-09-15,0.07265,2020-09-15,0.52363
2020-09-16,0.35534,2020-09-16,0.06872,2020-09-16,0.49138
2020-09-17,0.39343,2020-09-17,0.06689,2020-09-17,0.50691
2020-09-18,0.35618,2020-09-18,0.06893,2020-09-18,0.47445
2020-09-19,0.38232,2020-09-19,0.05509,2020-09-19,0.49096
2020-09-20,0.49862,2020-09-20,0.05431,2020-09-20,0.65553
2020-09-21,0.49131,2020-09-21,0.06935,2020-09-21,0.71996
2020-09-22,0.44908,2020-09-22,0.06844,2020-09-22,0.69811
2020-09-23,0.49243,2020-09-23,0.06668,2020-09-23,0.69607
2020-09-24,0.406,2020-09-24,0.06218,2020-09-24,0.5769
2020-09-25,0.39638,2020-09-25,0.05853,2020-09-25,0.51499
2020-09-26,0.44304,2020-09-26,0.04363,2020-09-26,0.53319
2020-09-27,0.56277,2020-09-27,0.05185,2020-09-27,0.53923
2020-09-28,0.47311,2020-09-28,0.05277,2020-09-28,0.42413
2020-09-29,0.40867,2020-09-29,0.04651,2020-09-29,0.3552
2020-09-30,0.41191,2020-09-30,0.03604,2020-09-30,0.36567
2020-10-01,0.46882,2020-10-01,0.03625,2020-10-01,0.38401
2020-10-02,0.51387,2020-10-02,0.03899,2020-10-02,0.4273
2020-10-03,0.54851,2020-10-03,0.04483,2020-10-03,0.45308
2020-10-04,0.77674,2020-10-04,0.05031,2020-10-04,0.61871
2020-10-05,1.14733,2020-10-05,0.06127,2020-10-05,0.68103
2020-10-06,1.14719,2020-10-06,0.0619,2020-10-06,0.67647
2020-10-07,0.95887,2020-10-07,0.05333,2020-10-07,0.58013
2020-10-08,0.81918,2020-10-08,0.05171,2020-10-08,0.48801
2020-10-09,0.80731,2020-10-09,0.04518,2020-10-09,0.45913
2020-10-10,0.7681,2020-10-10,0.04454,2020-10-10,0.43657
2020-10-11,0.87532,2020-10-11,0.0463,2020-10-11,0.49595
2020-10-12,0.8,2020-10-12,0.0515,2020-10-12,0.47824
2020-10-13,0.97124,2020-10-13,0.05656,2020-10-13,0.51401
2020-10-14,1.19462,2020-10-14,0.05164,2020-10-14,0.50417
2020-10-15,1.4998,2020-10-15,0.04939,2020-10-15,0.48056
2020-10-16,1.45131,2020-10-16,0.04447,2020-10-16,0.4176
2020-10-17,1.26763,2020-10-17,0.03675,2020-10-17,0.38612
2020-10-18,1.42475,2020-10-18,0.04096,2020-10-18,0.4221
2020-10-19,1.29721,2020-10-19,0.04729,2020-10-19,0.39062
2020-10-20,1.12154,2020-10-20,0.04883,2020-10-20,0.3831
2020-10-21,1.14558,2020-10-21,0.04967,2020-10-21,0.38303
2020-10-22,1.25983,2020-10-22,0.04644,2020-10-22,0.35618
2020-10-23,2.04494,2020-10-23,0.04433,2020-10-23,0.30791
2020-10-24,2.53161,2020-10-24,0.03822,2020-10-24,0.29821
2020-10-25,2.29362,2020-10-25,0.04342,2020-10-25,0.32337
2020-10-26,1.82486,2020-10-26,0.04497,2020-10-26,0.30587
2020-10-27,1.59691,2020-10-27,0.0482,2020-10-27,0.2992
2020-10-28,1.39222,2020-10-28,0.04665,2020-10-28,0.26912
2020-10-29,1.58236,2020-10-29,0.04876,2020-10-29,0.26737
2020-10-30,1.40044,2020-10-30,0.03745,2020-10-30,0.21867
2020-10-31,1.37486,2020-10-31,0.03295,2020-10-31,0.22127
2020-11-01,2.054,2020-11-01,0.04173,2020-11-01,0.27608
2020-11-02,1.96638,2020-11-02,0.04454,2020-11-02,0.24607
2020-11-03,5.26216,2020-11-03,0.04349,2020-11-03,0.24221
2020-11-04,7.92083,2020-11-04,0.0463,2020-11-04,0.23069
2020-11-05,3.73362,2020-11-05,0.0404,2020-11-05,0.20286
2020-11-06,2.38201,2020-11-06,0.04012,2020-11-06,0.18937
2020-11-07,2.12385,2020-11-07,0.03527,2020-11-07,0.19372
2020-11-08,2.79547,2020-11-08,0.03618,2020-11-08,0.22914
2020-11-09,3.56505,2020-11-09,0.04532,2020-11-09,0.20918
2020-11-10,2.90003,2020-11-10,0.04447,2020-11-10,0.19689
2020-11-11,2.27942,2020-11-11,0.04279,2020-11-11,0.19035
2020-11-12,1.8718,2020-11-12,0.04356,2020-11-12,0.17616
2020-11-13,1.51153,2020-11-13,0.0397,2020-11-13,0.1574
2020-11-14,1.55924,2020-11-14,0.03422,2020-11-14,0.17356
2020-11-15,1.60977,2020-11-15,0.04061,2020-11-15,0.21045
2020-11-16,1.40627,2020-11-16,0.04363,2020-11-16,0.18649
2020-11-17,1.13771,2020-11-17,0.04743,2020-11-17,0.18087
2020-11-18,1.00926,2020-11-18,0.04651,2020-11-18,0.18304
2020-11-19,1.14024,2020-11-19,0.04806,2020-11-19,0.16168
2020-11-20,2.29193,2020-11-20,0.0418,2020-11-20,0.15044
2020-11-21,2.04712,2020-11-21,0.03963,2020-11-21,0.15234
2020-11-22,2.59591,2020-11-22,0.03794,2020-11-22,0.17672
2020-11-23,5.07005,2020-11-23,0.04476,2020-11-23,0.15557
2020-11-24,3.25081,2020-11-24,0.04525,2020-11-24,0.15592
2020-11-25,2.50597,2020-11-25,0.04518,2020-11-25,0.16049
2020-11-26,2.14851,2020-11-26,0.04834,2020-11-26,0.15852
2020-11-27,2.2568,2020-11-27,0.04265,2020-11-27,0.14953
2020-11-28,3.04057,2020-11-28,0.03738,2020-11-28,0.15803
2020-11-29,3.50384,2020-11-29,0.03829,2020-11-29,0.18417
2020-11-30,3.47321,2020-11-30,0.04539,2020-11-30,0.1711
2020-12-01,3.19804,2020-12-01,0.04644,2020-12-01,0.17131
2020-12-02,2.63224,2020-12-02,0.04384,2020-12-02,0.19471
2020-12-03,2.49697,2020-12-03,0.04293,2020-12-03,0.16161
2020-12-04,2.34744,2020-12-04,0.03927,2020-12-04,0.14917
2020-12-05,2.26312,2020-12-05,0.03836,2020-12-05,0.17995
2020-12-06,2.18913,2020-12-06,0.03639,2020-12-06,0.18227
2020-12-07,1.98184,2020-12-07,0.03977,2020-12-07,0.15993
2020-12-08,2.13537,2020-12-08,0.04757,2020-12-08,0.16063
2020-12-09,2.02266,2020-12-09,0.04722,2020-12-09,0.16484
2020-12-10,1.79872,2020-12-10,0.04462,2020-12-10,0.16091
2020-12-11,1.49488,2020-12-11,0.04511,2020-12-11,0.14046
2020-12-12,1.66212,2020-12-12,0.03724,2020-12-12,0.14482
2020-12-13,2.40267,2020-12-13,0.0404,2020-12-13,0.17391
2020-12-14,4.25072,2020-12-14,0.04693,2020-12-14,0.16393
2020-12-15,5.08452,2020-12-15,0.04729,2020-12-15,0.16126
2020-12-16,3.17063,2020-12-16,0.04483,2020-12-16,0.15901
2020-12-17,2.45193,2020-12-17,0.04462,2020-12-17,0.15128
2020-12-18,1.90876,2020-12-18,0.04553,2020-12-18,0.13997
2020-12-19,2.015,2020-12-19,0.03864,2020-12-19,0.15037
2020-12-20,1.96771,2020-12-20,0.04138,2020-12-20,0.16976
2020-12-21,1.60822,2020-12-21,0.04672,2020-12-21,0.15227
2020-12-22,1.29419,2020-12-22,0.04061,2020-12-22,0.13027
2020-12-23,1.04825,2020-12-23,0.04145,2020-12-23,0.13238
2020-12-24,0.87027,2020-12-24,0.03963,2020-12-24,0.11545
2020-12-25,0.94798,2020-12-25,0.03415,2020-12-25,0.1283
2020-12-26,0.93955,2020-12-26,0.03864,2020-12-26,0.15262
2020-12-27,0.9418,2020-12-27,0.04173,2020-12-27,0.16484
2020-12-28,0.78426,2020-12-28,0.04722,2020-12-28,0.1451
2020-12-29,0.89669,2020-12-29,0.04511,2020-12-29,0.13547
2020-12-30,1.41449,2020-12-30,0.04012,2020-12-30,0.13976
2020-12-31,1.14909,2020-12-31,0.03541,2020-12-31,0.12226
2021-01-01,1.17692,2021-01-01,0.0392,2021-01-01,0.13041
2021-01-02,1.20699,2021-01-02,0.03857,2021-01-02,0.15458
2021-01-03,1.26075,2021-01-03,0.04398,2021-01-03,0.16646
2021-01-04,1.21402,2021-01-04,0.04946,2021-01-04,0.14805
2021-01-05,1.27445,2021-01-05,0.04588,2021-01-05,0.15725
2021-01-06,1.4471,2021-01-06,0.04785,2021-01-06,0.15297
2021-01-07,1.86547,2021-01-07,0.05066,2021-01-07,0.14791
2021-01-08,1.72543,2021-01-08,0.04539,2021-01-08,0.15037
2021-01-09,1.72789,2021-01-09,0.04272,2021-01-09,0.17215
2021-01-10,1.51097,2021-01-10,0.04722,2021-01-10,0.18944
2021-01-11,1.17024,2021-01-11,0.04841,2021-01-11,0.16808
2021-01-12,1.01481,2021-01-12,0.05052,2021-01-12,0.15922
2021-01-13,0.79529,2021-01-13,0.05185,2021-01-13,0.16611
2021-01-14,0.59587,2021-01-14,0.05473,2021-01-14,0.17032
2021-01-15,0.4911,2021-01-15,0.05143,2021-01-15,0.16393
2021-01-16,0.62503,2021-01-16,0.05115,2021-01-16,0.18206
2021-01-17,0.7525,2021-01-17,0.05291,2021-01-17,0.20342
2021-01-18,0.70759,2021-01-18,0.05326,2021-01-18,0.17321
2021-01-19,0.67864,2021-01-19,0.05656,2021-01-19,0.18972
2021-01-20,1.5513,2021-01-20,0.05551,2021-01-20,0.18761
2021-01-21,1.35772,2021-01-21,0.05558,2021-01-21,0.19
2021-01-22,0.81026,2021-01-22,0.05628,2021-01-22,0.18389
2021-01-23,0.60451,2021-01-23,0.04911,2021-01-23,0.2096
2021-01-24,0.47768,2021-01-24,0.05045,2021-01-24,0.24734
2021-01-25,0.36701,2021-01-25,0.06359,2021-01-25,0.2309
2021-01-26,0.32962,2021-01-26,0.06499,2021-01-26,0.22752
2021-01-27,0.33651,2021-01-27,0.05853,2021-01-27,0.2122
2021-01-28,0.4209,2021-01-28,0.05712,2021-01-28,0.20876
2021-01-29,0.45807,2021-01-29,0.05825,2021-01-29,0.17201
2021-01-30,0.4417,2021-01-30,0.05024,2021-01-30,0.2063
2021-01-31,0.40411,2021-01-31,0.06141,2021-01-31,0.25113
2021-02-01,0.31683,2021-02-01,0.05761,2021-02-01,0.24066
2021-02-02,0.37832,2021-02-02,0.08017,2021-02-02,0.23329
2021-02-03,0.39392,2021-02-03,0.06935,2021-02-03,0.23279
2021-02-04,0.36574,2021-02-04,0.06021,2021-02-04,0.21642
2021-02-05,0.30833,2021-02-05,0.05628,2021-02-05,0.21663
2021-02-06,0.29512,2021-02-06,0.05635,2021-02-06,0.25661
2021-02-07,0.29365,2021-02-07,0.05888,2021-02-07,0.3077
2021-02-08,0.2966,2021-02-08,0.06183,2021-02-08,0.2356
2021-02-09,0.26266,2021-02-09,0.05614,2021-02-09,0.21213
2021-02-10,0.22106,2021-02-10,0.05234,2021-02-10,0.2174
2021-02-11,0.20967,2021-02-11,0.05108,2021-02-11,0.22218
2021-02-12,0.2167,2021-02-12,0.05593,2021-02-12,0.27917
2021-02-13,0.19464,2021-02-13,0.0652,2021-02-13,0.33784
2021-02-14,0.21249,2021-02-14,0.0801,2021-02-14,0.39076
2021-02-15,0.23813,2021-02-15,0.0756,2021-02-15,0.32801
2021-02-16,0.29168,2021-02-16,0.07638,2021-02-16,0.3039
2021-02-17,0.38169,2021-02-17,0.07448,2021-02-17,0.28472
2021-02-18,0.34389,2021-02-18,0.06661,2021-02-18,0.26308
2021-02-19,0.25746,2021-02-19,0.06471,2021-02-19,0.26666
2021-02-20,0.19401,2021-02-20,0.06893,2021-02-20,0.35049
2021-02-21,0.18199,2021-02-21,0.08874,2021-02-21,0.45835
2021-02-22,0.15093,2021-02-22,0.095,2021-02-22,0.42392
2021-02-23,0.16463,2021-02-23,0.08565,2021-02-23,0.36188
2021-02-24,0.15747,2021-02-24,0.09036,2021-02-24,0.3408
2021-02-25,0.13913,2021-02-25,0.07933,2021-02-25,0.34101
2021-02-26,0.11783,2021-02-26,0.07497,2021-02-26,0.3273
2021-02-27,0.13498,2021-02-27,0.08108,2021-02-27,0.39504
2021-02-28,0.13372,2021-02-28,0.08031,2021-02-28,0.43636
2021-03-01,0.17138,2021-03-01,0.08544,2021-03-01,0.43531
2021-03-02,0.19724,2021-03-02,0.0808,2021-03-02,0.34663
2021-03-03,0.1588,2021-03-03,0.08291,2021-03-03,0.3448
2021-03-04,0.1387,2021-03-04,0.07891,2021-03-04,0.3519
2021-03-05,0.10139,2021-03-05,0.08657,2021-03-05,0.36412
2021-03-06,0.12226,2021-03-06,0.08797,2021-03-06,0.4384
2021-03-07,0.13203,2021-03-07,0.09352,2021-03-07,0.48028
2021-03-08,0.12859,2021-03-08,0.09226,2021-03-08,0.43348
2021-03-09,0.1132,2021-03-09,0.09577,2021-03-09,0.42399
2021-03-10,0.09247,2021-03-10,0.10111,2021-03-10,0.43425
2021-03-11,0.08151,2021-03-11,0.10195,2021-03-11,0.43671
2021-03-12,0.08727,2021-03-12,0.09071,2021-03-12,0.38661
2021-03-13,0.08052,2021-03-13,0.09422,2021-03-13,0.43545
2021-03-14,0.07209,2021-03-14,0.11453,2021-03-14,0.50122
2021-03-15,0.07631,2021-03-15,0.10996,2021-03-15,0.45709
2021-03-16,0.07216,2021-03-16,0.11938,2021-03-16,0.4424
2021-03-17,0.06879,2021-03-17,0.12212,2021-03-17,0.44606
2021-03-18,0.05979,2021-03-18,0.12514,2021-03-18,0.42891
2021-03-19,0.05811,2021-03-19,0.12381,2021-03-19,0.40572
2021-03-20,0.06794,2021-03-20,0.11769,2021-03-20,0.45709
2021-03-21,0.08657,2021-03-21,0.13175,2021-03-21,0.48499
2021-03-22,0.11011,2021-03-22,0.11397,2021-03-22,0.41654
2021-03-23,0.06816,2021-03-23,0.11495,2021-03-23,0.41802
2021-03-24,0.05354,2021-03-24,0.12043,2021-03-24,0.42399
2021-03-25,0.04462,2021-03-25,0.13449,2021-03-25,0.42097
2021-03-26,0.04047,2021-03-26,0.13034,2021-03-26,0.39406
2021-03-27,0.04876,2021-03-27,0.14215,2021-03-27,0.42245
2021-03-28,0.05403,2021-03-28,0.16105,2021-03-28,0.46889
2021-03-29,0.04377,2021-03-29,0.14868,2021-03-29,0.41205
2021-03-30,0.04096,2021-03-30,0.15058,2021-03-30,0.40804
2021-03-31,0.03787,2021-03-31,0.17848,2021-03-31,0.42167
2021-04-01,0.03843,2021-04-01,0.18304,2021-04-01,0.38605
2021-04-02,0.03464,2021-04-02,0.17524,2021-04-02,0.34607
2021-04-03,0.04019,2021-04-03,0.21122,2021-04-03,0.38253
2021-04-04,0.04152,2021-04-04,0.20321,2021-04-04,0.43341
2021-04-05,0.0359,2021-04-05,0.19295,2021-04-05,0.40411
2021-04-06,0.03393,2021-04-06,0.1867,2021-04-06,0.39532
2021-04-07,0.03541,2021-04-07,0.20637,2021-04-07,0.37769
2021-04-08,0.03541,2021-04-08,0.1926,2021-04-08,0.35499
2021-04-09,0.03949,2021-04-09,0.18606,2021-04-09,0.30433
2021-04-10,0.03766,2021-04-10,0.18859,2021-04-10,0.34571
2021-04-11,0.03864,2021-04-11,0.22282,2021-04-11,0.38773
2021-04-12,0.03611,2021-04-12,0.19632,2021-04-12,0.31831
2021-04-13,0.04454,2021-04-13,0.18986,2021-04-13,0.31824
2021-04-14,0.05839,2021-04-14,0.16597,2021-04-14,0.30552
2021-04-15,0.04103,2021-04-15,0.16723,2021-04-15,0.28514
2021-04-16,0.04251,2021-04-16,0.15416,2021-04-16,0.26722
2021-04-17,0.043,2021-04-17,0.16688,2021-04-17,0.28866
2021-04-18,0.04012,2021-04-18,0.18621,2021-04-18,0.34993
2021-04-19,0.0385,2021-04-19,0.18522,2021-04-19,0.31564
2021-04-20,0.0333,2021-04-20,0.21705,2021-04-20,0.30784
2021-04-21,0.03056,2021-04-21,0.29322,2021-04-21,0.29835
2021-04-22,0.03,2021-04-22,0.31894,2021-04-22,0.26378
2021-04-23,0.0307,2021-04-23,0.2784,2021-04-23,0.21712
2021-04-24,0.03176,2021-04-24,0.29252,2021-04-24,0.22935
2021-04-25,0.0378,2021-04-25,0.34058,2021-04-25,0.25816
2021-04-26,0.02965,2021-04-26,0.29322,2021-04-26,0.24214
2021-04-27,0.02944,2021-04-27,0.25549,2021-04-27,0.24502
2021-04-28,0.03098,2021-04-28,0.25458,2021-04-28,0.22724
2021-04-29,0.03162,2021-04-29,0.23237,2021-04-29,0.22689
2021-04-30,0.03098,2021-04-30,0.20883,2021-04-30,0.1874
2021-05-01,0.03766,2021-05-01,0.21459,2021-05-01,0.2238
2021-05-02,0.03759,2021-05-02,0.24678,2021-05-02,0.26406
2021-05-03,0.0345,2021-05-03,0.23047,2021-05-03,0.22865
2021-05-04,0.03752,2021-05-04,0.21979,2021-05-04,0.20251
2021-05-05,0.03731,2021-05-05,0.24671,2021-05-05,0.23272
2021-05-06,0.03309,2021-05-06,0.23174,2021-05-06,0.23314
2021-05-07,0.03148,2021-05-07,0.2023,2021-05-07,0.19843
2021-05-08,0.03274,2021-05-08,0.2283,2021-05-08,0.19808
2021-05-09,0.034,2021-05-09,0.25907,2021-05-09,0.23905
2021-05-10,0.03696,2021-05-10,0.2356,2021-05-10,0.22738
2021-05-11,0.03717,2021-05-11,0.24776,2021-05-11,0.24137
2021-05-12,0.0326,2021-05-12,0.29969,2021-05-12,0.21495
2021-05-13,0.03351,2021-05-13,0.37108,2021-05-13,0.17686
2021-05-14,0.03499,2021-05-14,0.38605,2021-05-14,0.13259
2021-05-15,0.034,2021-05-15,0.37993,2021-05-15,0.14067
2021-05-16,0.03977,2021-05-16,0.3956,2021-05-16,0.16787
2021-05-17,0.03724,2021-05-17,0.30376,2021-05-17,0.15915
2021-05-18,0.0385,2021-05-18,0.28936,2021-05-18,0.1444
2021-05-19,0.03675,2021-05-19,0.33026,2021-05-19,0.14348
2021-05-20,0.03372,2021-05-20,0.28093,2021-05-20,0.1418
2021-05-21,0.03422,2021-05-21,0.2427,2021-05-21,0.1387
2021-05-22,0.0359,2021-05-22,0.28065,2021-05-22,0.13751
2021-05-23,0.03843,2021-05-23,0.32435,2021-05-23,0.15297
2021-05-24,0.03372,2021-05-24,0.2966,2021-05-24,0.14981
2021-05-25,0.03288,2021-05-25,0.26863,2021-05-25,0.17152
2021-05-26,0.03942,2021-05-26,0.26772,2021-05-26,0.16569
2021-05-27,0.03646,2021-05-27,0.24087,2021-05-27,0.17229
2021-05-28,0.03801,2021-05-28,0.21762,2021-05-28,0.15831
2021-05-29,0.04757,2021-05-29,0.24333,2021-05-29,0.16302
2021-05-30,0.04609,2021-05-30,0.27882,2021-05-30,0.16302
2021-05-31,0.03625,2021-05-31,0.26118,2021-05-31,0.15402
2021-06-01,0.03815,2021-06-01,0.28795,2021-06-01,0.14496
2021-06-02,0.04426,2021-06-02,0.31473,2021-06-02,0.13336
2021-06-03,0.04117,2021-06-03,0.27509,2021-06-03,0.11903
2021-06-04,0.03408,2021-06-04,0.25865,2021-06-04,0.11509
2021-06-05,0.03836,2021-06-05,0.29048,2021-06-05,0.11762
2021-06-06,0.04462,2021-06-06,0.32562,2021-06-06,0.12198
2021-06-07,0.03731,2021-06-07,0.30854,2021-06-07,0.11453
2021-06-08,0.04462,2021-06-08,0.32281,2021-06-08,0.10505
2021-06-09,0.03878,2021-06-09,0.35401,2021-06-09,0.10083
2021-06-10,0.05017,2021-06-10,0.32688,2021-06-10,0.09458
2021-06-11,0.0418,2021-06-11,0.2935,2021-06-11,0.08439
2021-06-12,0.04405,2021-06-12,0.31564,2021-06-12,0.08045
2021-06-13,0.04743,2021-06-13,0.34459,2021-06-13,0.0931
2021-06-14,0.04202,2021-06-14,0.31135,2021-06-14,0.08867
2021-06-15,0.03639,2021-06-15,0.28887,2021-06-15,0.08347
2021-06-16,0.04433,2021-06-16,0.28247,2021-06-16,0.09275
2021-06-17,0.04419,2021-06-17,0.26758,2021-06-17,0.09043
2021-06-18,0.05115,2021-06-18,0.23139,2021-06-18,0.08853
2021-06-19,0.04525,2021-06-19,0.27306,2021-06-19,0.07272
2021-06-20,0.04911,2021-06-20,0.31487,2021-06-20,0.08228
2021-06-21,0.04953,2021-06-21,0.28423,2021-06-21,0.0853
2021-06-22,0.04707,2021-06-22,0.25647,2021-06-22,0.08825
2021-06-23,0.04581,2021-06-23,0.24706,2021-06-23,0.09268
2021-06-24,0.05452,2021-06-24,0.2387,2021-06-24,0.08727
2021-06-25,0.05291,2021-06-25,0.22246,2021-06-25,0.06865
2021-06-26,0.05284,2021-06-26,0.22478,2021-06-26,0.07202
2021-06-27,0.05501,2021-06-27,0.25739,2021-06-27,0.07328
2021-06-28,0.04939,2021-06-28,0.23898,2021-06-28,0.07567
2021-06-29,0.04897,2021-06-29,0.23912,2021-06-29,0.07638
2021-06-30,0.05087,2021-06-30,0.22014,2021-06-30,0.07504
2021-07-01,0.05459,2021-07-01,0.24488,2021-07-01,0.07005
2021-07-02,0.05326,2021-07-02,0.20904,2021-07-02,0.06752
2021-07-03,0.06021,2021-07-03,0.23012,2021-07-03,0.07884
2021-07-04,0.0697,2021-07-04,0.23047,2021-07-04,0.08881
2021-07-05,0.05832,2021-07-05,0.21972,2021-07-05,0.08017
2021-07-06,0.06183,2021-07-06,0.21691,2021-07-06,0.0782
2021-07-07,0.06935,2021-07-07,0.22014,2021-07-07,0.0787
2021-07-08,0.05986,2021-07-08,0.21733,2021-07-08,0.07441
2021-07-09,0.05698,2021-07-09,0.19176,2021-07-09,0.06204
2021-07-10,0.07343,2021-07-10,0.21249,2021-07-10,0.06556
2021-07-11,0.07947,2021-07-11,0.23771,2021-07-11,0.07111
2021-07-12,0.07961,2021-07-12,0.23856,2021-07-12,0.07595
2021-07-13,0.08671,2021-07-13,0.24158,2021-07-13,0.07146
2021-07-14,0.0678,2021-07-14,0.23553,2021-07-14,0.06907
2021-07-15,0.07132,2021-07-15,0.23588,2021-07-15,0.06218
2021-07-16,0.07286,2021-07-16,0.21691,2021-07-16,0.06141
2021-07-17,0.10153,2021-07-17,0.2122,2021-07-17,0.06492
2021-07-18,0.08797,2021-07-18,0.23174,2021-07-18,0.07118
2021-07-19,0.08179,2021-07-19,0.21438,2021-07-19,0.06394
2021-07-20,0.086,2021-07-20,0.21438,2021-07-20,0.06928
2021-07-21,0.08635,2021-07-21,0.21635,2021-07-21,0.06801
2021-07-22,0.09359,2021-07-22,0.20483,2021-07-22,0.06907
2021-07-23,0.09127,2021-07-23,0.18937,2021-07-23,0.06408
2021-07-24,0.11488,2021-07-24,0.18438,2021-07-24,0.05509
2021-07-25,0.12114,2021-07-25,0.18614,2021-07-25,0.06267
2021-07-26,0.10153,2021-07-26,0.18578,2021-07-26,0.06499
2021-07-27,0.10982,2021-07-27,0.18754,2021-07-27,0.06225
2021-07-28,0.10807,2021-07-28,0.18311,2021-07-28,0.07075
2021-07-29,0.10301,2021-07-29,0.17644,2021-07-29,0.06183
2021-07-30,0.10483,2021-07-30,0.14882,2021-07-30,0.06548
2021-07-31,0.11214,2021-07-31,0.15121,2021-07-31,0.05811
2021-08-01,0.12746,2021-08-01,0.1562,2021-08-01,0.07357
2021-08-02,0.1165,2021-08-02,0.16091,2021-08-02,0.07603
2021-08-03,0.12008,2021-08-03,0.1569,2021-08-03,0.07848
2021-08-04,0.12254,2021-08-04,0.15957,2021-08-04,0.08551
2021-08-05,0.138,2021-08-05,0.14419,2021-08-05,0.08094
2021-08-06,0.12198,2021-08-06,0.14306,2021-08-06,0.08024
2021-08-07,0.1309,2021-08-07,0.12809,2021-08-07,0.08699
2021-08-08,0.17089,2021-08-08,0.13547,2021-08-08,0.10631
2021-08-09,0.15578,2021-08-09,0.13737,2021-08-09,0.1061
2021-08-10,0.17595,2021-08-10,0.12943,2021-08-10,0.10793
2021-08-11,0.17215,2021-08-11,0.13182,2021-08-11,0.1165
2021-08-12,0.16379,2021-08-12,0.11249,2021-08-12,0.12465
2021-08-13,0.1477,2021-08-13,0.09577,2021-08-13,0.12915
2021-08-14,0.16428,2021-08-14,0.08917,2021-08-14,0.1536
2021-08-15,0.19604,2021-08-15,0.09008,2021-08-15,0.15922
2021-08-16,0.20925,2021-08-16,0.10041,2021-08-16,0.19239
2021-08-17,0.20131,2021-08-17,0.09198,2021-08-17,0.20785
2021-08-18,0.20173,2021-08-18,0.08235,2021-08-18,0.25184
2021-08-19,0.20736,2021-08-19,0.08214,2021-08-19,0.26413
2021-08-20,0.18058,2021-08-20,0.07947,2021-08-20,0.2257
2021-08-21,0.22907,2021-08-21,0.07223,2021-08-21,0.2921
2021-08-22,0.23792,2021-08-22,0.07624,2021-08-22,0.30264
2021-08-23,0.2356,2021-08-23,0.08242,2021-08-23,0.38092
2021-08-24,0.23378,2021-08-24,0.07891,2021-08-24,0.36799
2021-08-25,0.23497,2021-08-25,0.07455,2021-08-25,0.33939
2021-08-26,0.23399,2021-08-26,0.07385,2021-08-26,0.30974
2021-08-27,0.23504,2021-08-27,0.07223,2021-08-27,0.35773
2021-08-28,0.23314,2021-08-28,0.06556,2021-08-28,0.3403
2021-08-29,0.27664,2021-08-29,0.06731,2021-08-29,0.40671
2021-08-30,0.24832,2021-08-30,0.07061,2021-08-30,0.37143
2021-08-31,0.25971,2021-08-31,0.06675,2021-08-31,0.45786
2021-09-01,0.26856,2021-09-01,0.07061,2021-09-01,0.52947
2021-09-02,0.25282,2021-09-02,0.06668,2021-09-02,0.48302
2021-09-03,0.2361,2021-09-03,0.0579,2021-09-03,0.42069
2021-09-04,0.24621,2021-09-04,0.05579,2021-09-04,0.43861
2021-09-05,0.30341,2021-09-05,0.05733,2021-09-05,0.52574
2021-09-06,0.28613,2021-09-06,0.06176,2021-09-06,0.53361
2021-09-07,0.281,2021-09-07,0.06534,2021-09-07,0.57521
2021-09-08,0.25099,2021-09-08,0.05776,2021-09-08,0.46686
2021-09-09,0.23968,2021-09-09,0.05804,2021-09-09,0.43594
2021-09-10,0.22668,2021-09-10,0.05579,2021-09-10,0.38106
2021-09-11,0.23497,2021-09-11,0.056,2021-09-11,0.4202
2021-09-12,0.28655,2021-09-12,0.06148,2021-09-12,0.46327
2021-09-13,0.38275,2021-09-13,0.06563,2021-09-13,0.39455
2021-09-14,0.2895,2021-09-14,0.05754,2021-09-14,0.4034
2021-09-15,0.24994,2021-09-15,0.056,2021-09-15,0.36918
2021-09-16,0.25725,2021-09-16,0.05424,2021-09-16,0.34782
2021-09-17,0.24404,2021-09-17,0.04454,2021-09-17,0.32105
2021-09-18,0.23617,2021-09-18,0.04307,2021-09-18,0.3304
2021-09-19,0.25893,2021-09-19,0.04244,2021-09-19,0.32267
2021-09-20,0.25718,2021-09-20,0.04012,2021-09-20,0.29625
2021-09-21,0.28079,2021-09-21,0.03724,2021-09-21,0.32456
2021-09-22,0.35471,2021-09-22,0.04722,2021-09-22,0.40354
2021-09-23,0.32105,2021-09-23,0.05705,2021-09-23,0.43313
2021-09-24,0.28402,2021-09-24,0.05305,2021-09-24,0.38225
2021-09-25,0.29821,2021-09-25,0.04518,2021-09-25,0.41879
2021-09-26,0.3429,2021-09-26,0.0501,2021-09-26,0.46749
2021-09-27,0.29112,2021-09-27,0.05874,2021-09-27,0.45849
2021-09-28,0.29519,2021-09-28,0.05853,2021-09-28,0.44859
2021-09-29,0.30257,2021-09-29,0.05867,2021-09-29,0.41844
2021-09-30,0.26413,2021-09-30,0.05698,2021-09-30,0.38429
2021-10-01,0.26181,2021-10-01,0.04862,2021-10-01,0.3377
2021-10-02,0.28599,2021-10-02,0.05052,2021-10-02,0.34796
2021-10-03,0.3103,2021-10-03,0.04932,2021-10-03,0.3852
2021-10-04,0.36574,2021-10-04,0.05797,2021-10-04,0.39631
2021-10-05,0.30679,2021-10-05,0.06492,2021-10-05,0.33813
2021-10-06,0.31395,2021-10-06,0.06366,2021-10-06,0.36223
2021-10-07,0.3181,2021-10-07,0.05895,2021-10-07,0.35752
2021-10-08,0.30559,2021-10-08,0.0527,2021-10-08,0.34838
2021-10-09,0.3344,2021-10-09,0.04686,2021-10-09,0.34122
2021-10-10,0.46559,2021-10-10,0.04588,2021-10-10,0.38759
2021-10-11,0.73584,2021-10-11,0.05305,2021-10-11,0.506
2021-10-12,0.80211,2021-10-12,0.04883,2021-10-12,0.54183
2021-10-13,0.70731,2021-10-13,0.05284,2021-10-13,0.48028
2021-10-14,0.79304,2021-10-14,0.06267,2021-10-14,0.42877
2021-10-15,0.83766,2021-10-15,0.05319,2021-10-15,0.37382
2021-10-16,2.66294,2021-10-16,0.04672,2021-10-16,0.44943
2021-10-17,4.69454,2021-10-17,0.04398,2021-10-17,0.45842
2021-10-18,3.95047,2021-10-18,0.05101,2021-10-18,0.46145
2021-10-19,2.98611,2021-10-19,0.04785,2021-10-19,0.3982
2021-10-20,2.77341,2021-10-20,0.04595,2021-10-20,0.37164
2021-10-21,2.39171,2021-10-21,0.04623,2021-10-21,0.33967
2021-10-22,2.07564,2021-10-22,0.04145,2021-10-22,0.3051
2021-10-23,2.067,2021-10-23,0.0319,2021-10-23,0.31149
2021-10-24,2.09925,2021-10-24,0.03379,2021-10-24,0.32393
2021-10-25,1.7971,2021-10-25,0.04328,2021-10-25,0.30433
2021-10-26,1.62396,2021-10-26,0.04658,2021-10-26,0.30257
2021-10-27,1.40739,2021-10-27,0.04532,2021-10-27,0.29119
2021-10-28,1.43079,2021-10-28,0.0423,2021-10-28,0.27664
2021-10-29,1.26342,2021-10-29,0.03892,2021-10-29,0.25387
2021-10-30,1.27578,2021-10-30,0.03246,2021-10-30,0.24607
2021-10-31,1.3776,2021-10-31,0.03871,2021-10-31,0.27791
2021-11-01,1.2651,2021-11-01,0.0437,2021-11-01,0.26104
2021-11-02,1.3074,2021-11-02,0.04574,2021-11-02,0.26217
2021-11-03,1.25758,2021-11-03,0.04644,2021-11-03,0.23638
2021-11-04,1.20931,2021-11-04,0.04391,2021-11-04,0.23385
2021-11-05,1.08283,2021-11-05,0.03836,2021-11-05,0.20672
2021-11-06,1.17769,2021-11-06,0.03485,2021-11-06,0.2231
2021-11-07,1.57007,2021-11-07,0.03913,2021-11-07,0.23321
2021-11-08,2.42417,2021-11-08,0.04321,2021-11-08,0.2193
2021-11-09,3.42107,2021-11-09,0.04412,2021-11-09,0.20405
2021-11-10,3.95243,2021-11-10,0.04686,2021-11-10,0.2063
2021-11-11,3.64333,2021-11-11,0.0437,2021-11-11,0.17581
2021-11-12,3.84387,2021-11-12,0.03899,2021-11-12,0.15859
2021-11-13,3.21891,2021-11-13,0.03337,2021-11-13,0.16295
2021-11-14,2.77074,2021-11-14,0.03787,2021-11-14,0.19042
2021-11-15,2.12792,2021-11-15,0.04686,2021-11-15,0.18649
2021-11-16,1.93511,2021-11-16,0.04447,2021-11-16,0.1647
2021-11-17,1.85563,2021-11-17,0.04068,2021-11-17,0.16231
2021-11-18,1.64659,2021-11-18,0.03787,2021-11-18,0.147
2021-11-19,1.38976,2021-11-19,0.03864,2021-11-19,0.13962
2021-11-20,1.44365,2021-11-20,0.03436,2021-11-20,0.13983
2021-11-21,1.72458,2021-11-21,0.03415,2021-11-21,0.15943
2021-11-22,3.70987,2021-11-22,0.04265,2021-11-22,0.14482
2021-11-23,5.84461,2021-11-23,0.04307,2021-11-23,0.15395
2021-11-24,4.44122,2021-11-24,0.04082,2021-11-24,0.13667
2021-11-25,3.33738,2021-11-25,0.04173,2021-11-25,0.13287
2021-11-26,2.94598,2021-11-26,0.04356,2021-11-26,0.12065
2021-11-27,2.91626,2021-11-27,0.03471,2021-11-27,0.13055
2021-11-28,3.14843,2021-11-28,0.03927,2021-11-28,0.15838
2021-11-29,2.56134,2021-11-29,0.04792,2021-11-29,0.14426
2021-11-30,2.95674,2021-11-30,0.0456,2021-11-30,0.1432
2021-12-01,4.71955,2021-12-01,0.04384,2021-12-01,0.14081
2021-12-02,4.42393,2021-12-02,0.04356,2021-12-02,0.15993
2021-12-03,3.50532,2021-12-03,0.03836,2021-12-03,0.13723
2021-12-04,3.21068,2021-12-04,0.03049,2021-12-04,0.13997
2021-12-05,2.96967,2021-12-05,0.03478,2021-12-05,0.15648
2021-12-06,2.20669,2021-12-06,0.04173,2021-12-06,0.14081
2021-12-07,1.78108,2021-12-07,0.04265,2021-12-07,0.14594
2021-12-08,1.65439,2021-12-08,0.04714,2021-12-08,0.14081
2021-12-09,1.47464,2021-12-09,0.04103,2021-12-09,0.14229
2021-12-10,1.25941,2021-12-10,0.03843,2021-12-10,0.12873
2021-12-11,1.33439,2021-12-11,0.03309,2021-12-11,0.13231
2021-12-12,2.08373,2021-12-12,0.03787,2021-12-12,0.16639
2021-12-13,2.79969,2021-12-13,0.04082,2021-12-13,0.14362
2021-12-14,2.56738,2021-12-14,0.04307,2021-12-14,0.13744
2021-12-15,2.04325,2021-12-15,0.04609,2021-12-15,0.13828
2021-12-16,1.53198,2021-12-16,0.04005,2021-12-16,0.12809
2021-12-17,2.4669,2021-12-17,0.0378,2021-12-17,0.12212
2021-12-18,3.19417,2021-12-18,0.03098,2021-12-18,0.12978
2021-12-19,2.85871,2021-12-19,0.03499,2021-12-19,0.14524
2021-12-20,1.86842,2021-12-20,0.04265,2021-12-20,0.13667
2021-12-21,1.41014,2021-12-21,0.04138,2021-12-21,0.1373
2021-12-22,1.30558,2021-12-22,0.04082,2021-12-22,0.125
2021-12-23,1.22737,2021-12-23,0.03667,2021-12-23,0.12409
2021-12-24,1.21929,2021-12-24,0.0307,2021-12-24,0.10933
2021-12-25,1.93363,2021-12-25,0.03042,2021-12-25,0.11545
2021-12-26,3.02918,2021-12-26,0.03492,2021-12-26,0.15107
2021-12-27,3.33337,2021-12-27,0.0392,2021-12-27,0.13224
2021-12-28,2.29839,2021-12-28,0.03935,2021-12-28,0.13041
2021-12-29,1.84727,2021-12-29,0.04054,2021-12-29,0.12936
2021-12-30,1.86603,2021-12-30,0.03998,2021-12-30,0.12767
2021-12-31,1.66605,2021-12-31,0.03513,2021-12-31,0.10224
2022-01-01,1.57899,2022-01-01,0.03077,2022-01-01,0.12226
2022-01-02,1.49945,2022-01-02,0.04131,2022-01-02,0.15444
2022-01-03,1.3119,2022-01-03,0.04286,2022-01-03,0.14285
2022-01-04,1.18197,2022-01-04,0.04377,2022-01-04,0.1491
2022-01-05,1.23278,2022-01-05,0.04785,2022-01-05,0.15423
2022-01-06,1.04734,2022-01-06,0.04834,2022-01-06,0.14454
2022-01-07,0.94341,2022-01-07,0.04454,2022-01-07,0.13899
2022-01-08,1.01045,2022-01-08,0.0371,2022-01-08,0.15367
2022-01-09,0.99099,2022-01-09,0.04419,2022-01-09,0.18354
2022-01-10,0.87132,2022-01-10,0.04911,2022-01-10,0.15908
2022-01-11,1.24198,2022-01-11,0.05206,2022-01-11,0.16513
2022-01-12,1.46248,2022-01-12,0.05003,2022-01-12,0.16906
2022-01-13,1.7229,2022-01-13,0.04996,2022-01-13,0.16702
2022-01-14,1.75424,2022-01-14,0.04918,2022-01-14,0.15571
2022-01-15,1.41456,2022-01-15,0.04363,2022-01-15,0.17791
2022-01-16,1.29483,2022-01-16,0.0449,2022-01-16,0.19998
2022-01-17,1.22674,2022-01-17,0.04989,2022-01-17,0.17482
2022-01-18,1.11248,2022-01-18,0.05017,2022-01-18,0.17911
2022-01-19,1.0999,2022-01-19,0.05003,2022-01-19,0.17454
2022-01-20,0.95185,2022-01-20,0.05045,2022-01-20,0.17658
2022-01-21,0.80161,2022-01-21,0.04665,2022-01-21,0.16351
2022-01-22,0.80667,2022-01-22,0.04314,2022-01-22,0.19984
2022-01-23,0.73423,2022-01-23,0.04447,2022-01-23,0.21663
2022-01-24,0.58976,2022-01-24,0.05234,2022-01-24,0.19239
2022-01-25,0.55771,2022-01-25,0.04764,2022-01-25,0.19871
2022-01-26,0.50515,2022-01-26,0.05094,2022-01-26,0.18044
2022-01-27,0.46496,2022-01-27,0.04419,2022-01-27,0.16126
2022-01-28,0.45941,2022-01-28,0.04033,2022-01-28,0.15451
2022-01-29,0.52954,2022-01-29,0.04166,2022-01-29,0.17735
2022-01-30,0.52047,2022-01-30,0.03682,2022-01-30,0.17911
2022-01-31,0.48752,2022-01-31,0.03913,2022-01-31,0.17855
2022-02-01,0.55469,2022-02-01,0.03878,2022-02-01,0.19885
2022-02-02,0.59896,2022-02-02,0.04553,2022-02-02,0.2335
2022-02-03,0.56593,2022-02-03,0.05579,2022-02-03,0.21291
2022-02-04,0.62454,2022-02-04,0.0586,2022-02-04,0.21544
2022-02-05,0.75868,2022-02-05,0.0508,2022-02-05,0.23813
2022-02-06,0.76852,2022-02-06,0.04911,2022-02-06,0.26266
2022-02-07,0.59503,2022-02-07,0.05832,2022-02-07,0.22584
2022-02-08,0.51963,2022-02-08,0.0548,2022-02-08,0.2252
2022-02-09,0.45723,2022-02-09,0.05881,2022-02-09,0.22907
2022-02-10,0.39026,2022-02-10,0.0548,2022-02-10,0.24446
2022-02-11,0.38225,2022-02-11,0.05431,2022-02-11,0.22675
2022-02-12,0.33285,2022-02-12,0.05579,2022-02-12,0.27242
2022-02-13,0.33834,2022-02-13,0.05417,2022-02-13,0.29786
2022-02-14,0.30531,2022-02-14,0.06085,2022-02-14,0.27102
2022-02-15,0.40066,2022-02-15,0.06563,2022-02-15,0.24811
2022-02-16,0.50817,2022-02-16,0.05979,2022-02-16,0.23638
2022-02-17,0.5509,2022-02-17,0.05754,2022-02-17,0.21733
2022-02-18,0.43994,2022-02-18,0.06612,2022-02-18,0.21593
2022-02-19,0.43812,2022-02-19,0.05382,2022-02-19,0.25591
2022-02-20,0.51569,2022-02-20,0.06043,2022-02-20,0.30475
2022-02-21,0.44044,2022-02-21,0.06548,2022-02-21,0.25844
2022-02-22,0.44486,2022-02-22,0.06232,2022-02-22,0.25704
2022-02-23,0.46615,2022-02-23,0.06239,2022-02-23,0.25331
2022-02-24,0.40938,2022-02-24,0.06106,2022-02-24,0.24537
2022-02-25,0.32857,2022-02-25,0.06647,2022-02-25,0.25099
2022-02-26,0.31606,2022-02-26,0.06113,2022-02-26,0.30686
2022-02-27,0.30686,2022-02-27,0.0768,2022-02-27,0.32934
2022-02-28,0.25802,2022-02-28,0.07265,2022-02-28,0.31409
2022-03-01,0.26891,2022-03-01,0.0775,2022-03-01,0.39097
2022-03-02,0.23518,2022-03-02,0.07518,2022-03-02,0.32133
2022-03-03,0.19738,2022-03-03,0.07427,2022-03-03,0.32154
2022-03-04,0.1829,2022-03-04,0.07181,2022-03-04,0.32435
2022-03-05,0.20469,2022-03-05,0.0697,2022-03-05,0.37586
2022-03-06,0.22106,2022-03-06,0.07764,2022-03-06,0.41106
2022-03-07,0.2063,2022-03-07,0.0787,2022-03-07,0.32885
2022-03-08,0.17658,2022-03-08,0.09394,2022-03-08,0.32344
2022-03-09,0.15655,2022-03-09,0.09022,2022-03-09,0.35021
2022-03-10,0.14946,2022-03-10,0.10575,2022-03-10,0.37902
2022-03-11,0.12142,2022-03-11,0.11446,2022-03-11,0.39392
2022-03-12,0.12472,2022-03-12,0.13849,2022-03-12,0.49623
2022-03-13,0.1276,2022-03-13,0.14636,2022-03-13,0.52419
2022-03-14,0.12205,2022-03-14,0.12479,2022-03-14,0.41366
2022-03-15,0.11235,2022-03-15,0.12873,2022-03-15,0.41205
2022-03-16,0.1054,2022-03-16,0.1425,2022-03-16,0.43868
2022-03-17,0.11165,2022-03-17,0.13189,2022-03-17,0.38268
2022-03-18,0.12887,2022-03-18,0.11137,2022-03-18,0.33756
2022-03-19,0.13955,2022-03-19,0.11102,2022-03-19,0.37846
2022-03-20,0.14116,2022-03-20,0.125,2022-03-20,0.40966
2022-03-21,0.13955,2022-03-21,0.11622,2022-03-21,0.35148
2022-03-22,0.11011,2022-03-22,0.12121,2022-03-22,0.36904
2022-03-23,0.11664,2022-03-23,0.12444,2022-03-23,0.36145
2022-03-24,0.10786,2022-03-24,0.11425,2022-03-24,0.34136
2022-03-25,0.08832,2022-03-25,0.12725,2022-03-25,0.33595
2022-03-26,0.09549,2022-03-26,0.12563,2022-03-26,0.40045
2022-03-27,0.09935,2022-03-27,0.1302,2022-03-27,0.46482
2022-03-28,0.09591,2022-03-28,0.13322,2022-03-28,0.39631
2022-03-29,0.09317,2022-03-29,0.14081,2022-03-29,0.41619
2022-03-30,0.08256,2022-03-30,0.13646,2022-03-30,0.40509
2022-03-31,0.07806,2022-03-31,0.13414,2022-03-31,0.36813
2022-04-01,0.0794,2022-04-01,0.12613,2022-04-01,0.34824
2022-04-02,0.08165,2022-04-02,0.12128,2022-04-02,0.41205
2022-04-03,0.08101,2022-04-03,0.16562,2022-04-03,0.48723
2022-04-04,0.07153,2022-04-04,0.16794,2022-04-04,0.44037
2022-04-05,0.07216,2022-04-05,0.15318,2022-04-05,0.43517
2022-04-06,0.0697,2022-04-06,0.1614,2022-04-06,0.43046
2022-04-07,0.06633,2022-04-07,0.16021,2022-04-07,0.38872
2022-04-08,0.06837,2022-04-08,0.16667,2022-04-08,0.35288
2022-04-09,0.05979,2022-04-09,0.28395,2022-04-09,0.39167
2022-04-10,0.05761,2022-04-10,0.38879,2022-04-10,0.40249
2022-04-11,0.05417,2022-04-11,0.52623,2022-04-11,0.35815
2022-04-12,0.05797,2022-04-12,0.51513,2022-04-12,0.3174
2022-04-13,0.06352,2022-04-13,0.29386,2022-04-13,0.28542
2022-04-14,0.06106,2022-04-14,0.22696,2022-04-14,0.25401
2022-04-15,0.06471,2022-04-15,0.21733,2022-04-15,0.25008
2022-04-16,0.05712,2022-04-16,0.24888,2022-04-16,0.26849
2022-04-17,0.05572,2022-04-17,0.29034,2022-04-17,0.29899
2022-04-18,0.06036,2022-04-18,0.24137,2022-04-18,0.30376
2022-04-19,0.05509,2022-04-19,0.24038,2022-04-19,0.30693
2022-04-20,0.05769,2022-04-20,0.2576,2022-04-20,0.28655
2022-04-21,0.06106,2022-04-21,0.22689,2022-04-21,0.25992
2022-04-22,0.05902,2022-04-22,0.21354,2022-04-22,0.22738
2022-04-23,0.05389,2022-04-23,0.26322,2022-04-23,0.242
2022-04-24,0.06914,2022-04-24,0.35639,2022-04-24,0.26202
2022-04-25,0.06239,2022-04-25,0.35344,2022-04-25,0.24376
2022-04-26,0.05558,2022-04-26,0.37769,2022-04-26,0.22717
2022-04-27,0.0541,2022-04-27,0.33567,2022-04-27,0.21227
2022-04-28,0.0541,2022-04-28,0.3013,2022-04-28,0.20679
2022-04-29,0.05621,2022-04-29,0.23216,2022-04-29,0.19639
2022-04-30,0.05649,2022-04-30,0.24643,2022-04-30,0.20665
2022-05-01,0.06584,2022-05-01,0.27594,2022-05-01,0.23343
2022-05-02,0.05839,2022-05-02,0.22752,2022-05-02,0.23378
2022-05-03,0.05284,2022-05-03,0.22773,2022-05-03,0.22654
2022-05-04,0.05452,2022-05-04,0.21719,2022-05-04,0.18522
2022-05-05,0.05635,2022-05-05,0.29899,2022-05-05,0.19379
2022-05-06,0.04996,2022-05-06,0.29723,2022-05-06,0.16119
2022-05-07,0.05059,2022-05-07,0.26252,2022-05-07,0.17138
2022-05-08,0.0548,2022-05-08,0.2902,2022-05-08,0.19323
2022-05-09,0.04757,2022-05-09,0.26273,2022-05-09,0.19049
2022-05-10,0.04982,2022-05-10,0.27622,2022-05-10,0.19597
2022-05-11,0.04904,2022-05-11,0.26477,2022-05-11,0.18016
2022-05-12,0.04672,2022-05-12,0.26083,2022-05-12,0.15606
2022-05-13,0.04152,2022-05-13,0.21783,2022-05-13,0.14046
2022-05-14,0.04525,2022-05-14,0.23069,2022-05-14,0.15775
2022-05-15,0.04918,2022-05-15,0.25577,2022-05-15,0.19
2022-05-16,0.05291,2022-05-16,0.24326,2022-05-16,0.18164
2022-05-17,0.07666,2022-05-17,0.26104,2022-05-17,0.17075
2022-05-18,0.07378,2022-05-18,0.26195,2022-05-18,0.17011
2022-05-19,0.07195,2022-05-19,0.24277,2022-05-19,0.15023
2022-05-20,0.06485,2022-05-20,0.23272,2022-05-20,0.1328
2022-05-21,0.06471,2022-05-21,0.24312,2022-05-21,0.13266
2022-05-22,0.06155,2022-05-22,0.30116,2022-05-22,0.14229
2022-05-23,0.07054,2022-05-23,0.33194,2022-05-23,0.11994
2022-05-24,0.06696,2022-05-24,0.31697,2022-05-24,0.12409
2022-05-25,0.0678,2022-05-25,0.30081,2022-05-25,0.11313
2022-05-26,0.06591,2022-05-26,0.28163,2022-05-26,0.11882
2022-05-27,0.06317,2022-05-27,0.2387,2022-05-27,0.10926
2022-05-28,0.06071,2022-05-28,0.24924,2022-05-28,0.10849
2022-05-29,0.07075,2022-05-29,0.29407,2022-05-29,0.11285
2022-05-30,0.06541,2022-05-30,0.25584,2022-05-30,0.11025
2022-05-31,0.06478,2022-05-31,0.26645,2022-05-31,0.10399
2022-06-01,0.06935,2022-06-01,0.28458,2022-06-01,0.10701
2022-06-02,0.06865,2022-06-02,0.24151,2022-06-02,0.09992
2022-06-03,0.0638,2022-06-03,0.24038,2022-06-03,0.08727
2022-06-04,0.06338,2022-06-04,0.24811,2022-06-04,0.09148
2022-06-05,0.06956,2022-06-05,0.24924,2022-06-05,0.1042
2022-06-06,0.07905,2022-06-06,0.25507,2022-06-06,0.11453
2022-06-07,0.0723,2022-06-07,0.21031,2022-06-07,0.10982
2022-06-08,0.06865,2022-06-08,0.21101,2022-06-08,0.11854
2022-06-09,0.06682,2022-06-09,0.20989,2022-06-09,0.10926
2022-06-10,0.07504,2022-06-10,0.18705,2022-06-10,0.09956
2022-06-11,0.07371,2022-06-11,0.2108,2022-06-11,0.10055
2022-06-12,0.08959,2022-06-12,0.23574,2022-06-12,0.10533
2022-06-13,0.07223,2022-06-13,0.22633,2022-06-13,0.10751
2022-06-14,0.08284,2022-06-14,0.2193,2022-06-14,0.12043
2022-06-15,0.06872,2022-06-15,0.20665,2022-06-15,0.11755
2022-06-16,0.07701,2022-06-16,0.20335,2022-06-16,0.10961
2022-06-17,0.07546,2022-06-17,0.18536,2022-06-17,0.09493
2022-06-18,0.07884,2022-06-18,0.20448,2022-06-18,0.09458
2022-06-19,0.07975,2022-06-19,0.23413,2022-06-19,0.10224
2022-06-20,0.08228,2022-06-20,0.24073,2022-06-20,0.10153
2022-06-21,0.07891,2022-06-21,0.25802,2022-06-21,0.09127
2022-06-22,0.07462,2022-06-22,0.25458,2022-06-22,0.09001
2022-06-23,0.08017,2022-06-23,0.22401,2022-06-23,0.09696
2022-06-24,0.07877,2022-06-24,0.21649,2022-06-24,0.08614
2022-06-25,0.07757,2022-06-25,0.22225,2022-06-25,0.08326
2022-06-26,0.08291,2022-06-26,0.23743,2022-06-26,0.08692
2022-06-27,0.11032,2022-06-27,0.23525,2022-06-27,0.0912
2022-06-28,0.09078,2022-06-28,0.2257,2022-06-28,0.08565
2022-06-29,0.08917,2022-06-29,0.22036,2022-06-29,0.09486
2022-06-30,0.08319,2022-06-30,0.20967,2022-06-30,0.0938
2022-07-01,0.07483,2022-07-01,0.21502,2022-07-01,0.07736
2022-07-02,0.08614,2022-07-02,0.22879,2022-07-02,0.07989
2022-07-03,0.09015,2022-07-03,0.24453,2022-07-03,0.08846
2022-07-04,0.08523,2022-07-04,0.23624,2022-07-04,0.082
2022-07-05,0.08762,2022-07-05,0.24228,2022-07-05,0.08263
2022-07-06,0.08382,2022-07-06,0.23919,2022-07-06,0.08052
2022-07-07,0.10786,2022-07-07,0.22113,2022-07-07,0.08361
2022-07-08,0.0957,2022-07-08,0.19415,2022-07-08,0.07518
2022-07-09,0.09261,2022-07-09,0.20426,2022-07-09,0.07357
2022-07-10,0.11629,2022-07-10,0.22794,2022-07-10,0.07996
2022-07-11,0.09619,2022-07-11,0.20497,2022-07-11,0.08256
2022-07-12,0.09493,2022-07-12,0.20124,2022-07-12,0.08172
2022-07-13,0.09992,2022-07-13,0.19492,2022-07-13,0.0846
2022-07-14,0.08853,2022-07-14,0.18318,2022-07-14,0.08305
2022-07-15,0.08242,2022-07-15,0.17342,2022-07-15,0.07406
2022-07-16,0.08741,2022-07-16,0.17173,2022-07-16,0.07364
2022-07-17,0.11636,2022-07-17,0.18452,2022-07-17,0.08263
2022-07-18,0.10491,2022-07-18,0.18557,2022-07-18,0.08375
2022-07-19,0.10617,2022-07-19,0.18171,2022-07-19,0.08727
2022-07-20,0.10491,2022-07-20,0.18438,2022-07-20,0.07954
2022-07-21,0.10624,2022-07-21,0.15508,2022-07-21,0.09022
2022-07-22,0.10828,2022-07-22,0.15747,2022-07-22,0.08551
2022-07-23,0.11488,2022-07-23,0.14524,2022-07-23,0.08319
2022-07-24,0.12388,2022-07-24,0.16126,2022-07-24,0.08375
2022-07-25,0.11137,2022-07-25,0.16274,2022-07-25,0.08425
2022-07-26,0.11692,2022-07-26,0.16674,2022-07-26,0.08797
2022-07-27,0.11833,2022-07-27,0.16604,2022-07-27,0.08509
2022-07-28,0.11355,2022-07-28,0.14671,2022-07-28,0.08952
2022-07-29,0.11404,2022-07-29,0.14608,2022-07-29,0.07455
2022-07-30,0.11165,2022-07-30,0.13329,2022-07-30,0.07841
2022-07-31,0.13259,2022-07-31,0.14714,2022-07-31,0.09198
2022-08-01,0.12275,2022-08-01,0.14847,2022-08-01,0.0931
2022-08-02,0.23841,2022-08-02,0.14524,2022-08-02,0.0983
2022-08-03,0.17061,2022-08-03,0.15494,2022-08-03,0.10048
2022-08-04,0.16112,2022-08-04,0.14151,2022-08-04,0.08931
2022-08-05,0.13343,2022-08-05,0.1347,2022-08-05,0.08221
2022-08-06,0.1451,2022-08-06,0.14643,2022-08-06,0.08579
2022-08-07,0.18768,2022-08-07,0.16358,2022-08-07,0.09451
2022-08-08,0.15866,2022-08-08,0.1432,2022-08-08,0.10245
2022-08-09,0.18705,2022-08-09,0.1354,2022-08-09,0.1132
2022-08-10,0.16217,2022-08-10,0.13154,2022-08-10,0.11383
2022-08-11,0.16527,2022-08-11,0.1191,2022-08-11,0.1236
2022-08-12,0.17714,2022-08-12,0.11896,2022-08-12,0.10926
2022-08-13,0.18937,2022-08-13,0.10975,2022-08-13,0.12514
2022-08-14,0.19119,2022-08-14,0.10554,2022-08-14,0.12247
2022-08-15,0.1985,2022-08-15,0.10715,2022-08-15,0.1413
2022-08-16,0.20314,2022-08-16,0.11523,2022-08-16,0.14559
2022-08-17,0.19436,2022-08-17,0.10996,2022-08-17,0.15234
2022-08-18,0.18276,2022-08-18,0.09689,2022-08-18,0.15339
2022-08-19,0.18178,2022-08-19,0.09177,2022-08-19,0.15922
2022-08-20,0.18368,2022-08-20,0.08818,2022-08-20,0.15641
2022-08-21,0.21256,2022-08-21,0.09682,2022-08-21,0.1699
2022-08-22,0.19618,2022-08-22,0.10167,2022-08-22,0.16843
2022-08-23,0.20686,2022-08-23,0.1035,2022-08-23,0.20012
2022-08-24,0.21684,2022-08-24,0.09359,2022-08-24,0.24657
2022-08-25,0.22563,2022-08-25,0.0801,2022-08-25,0.28725
2022-08-26,0.21635,2022-08-26,0.07518,2022-08-26,0.28563
2022-08-27,0.24895,2022-08-27,0.06633,2022-08-27,0.36342
2022-08-28,0.30672,2022-08-28,0.07293,2022-08-28,0.43552
2022-08-29,0.28465,2022-08-29,0.07209,2022-08-29,0.52539
2022-08-30,0.29625,2022-08-30,0.07406,2022-08-30,0.55188
2022-08-31,0.26722,2022-08-31,0.07033,2022-08-31,0.49553
2022-09-01,0.24404,2022-09-01,0.07153,2022-09-01,0.41247
2022-09-02,0.18916,2022-09-02,0.06422,2022-09-02,0.35394
2022-09-03,0.20286,2022-09-03,0.05804,2022-09-03,0.34213
2022-09-04,0.26315,2022-09-04,0.0657,2022-09-04,0.39926
2022-09-05,0.26631,2022-09-05,0.07068,2022-09-05,0.37459
2022-09-06,0.24671,2022-09-06,0.06485,2022-09-06,0.3689
2022-09-07,0.20757,2022-09-07,0.0612,2022-09-07,0.32147
2022-09-08,0.19899,2022-09-08,0.0541,2022-09-08,0.26744
2022-09-09,0.19991,2022-09-09,0.04019,2022-09-09,0.24881
2022-09-10,0.21811,2022-09-10,0.04637,2022-09-10,0.26364
2022-09-11,0.26294,2022-09-11,0.05101,2022-09-11,0.31121
2022-09-12,0.30327,2022-09-12,0.06471,2022-09-12,0.35597
2022-09-13,0.29231,2022-09-13,0.07223,2022-09-13,0.33447
2022-09-14,0.25394,2022-09-14,0.07019,2022-09-14,0.32997
2022-09-15,0.2257,2022-09-15,0.07371,2022-09-15,0.29203
2022-09-16,0.20953,2022-09-16,0.06816,2022-09-16,0.25964
2022-09-17,0.22619,2022-09-17,0.06352,2022-09-17,0.26758
2022-09-18,0.28514,2022-09-18,0.07715,2022-09-18,0.30201
2022-09-19,0.27256,2022-09-19,0.07581,2022-09-19,0.30791
2022-09-20,0.30749,2022-09-20,0.07905,2022-09-20,0.42891
2022-09-21,0.31599,2022-09-21,0.06921,2022-09-21,0.47339
2022-09-22,0.33855,2022-09-22,0.06773,2022-09-22,0.4606
2022-09-23,0.32351,2022-09-23,0.05979,2022-09-23,0.42448
2022-09-24,0.35429,2022-09-24,0.0482,2022-09-24,0.41331
2022-09-25,0.41465,2022-09-25,0.05881,2022-09-25,0.47817
2022-09-26,0.38563,2022-09-26,0.07603,2022-09-26,0.48182
2022-09-27,0.34944,2022-09-27,0.07321,2022-09-27,0.45379
2022-09-28,0.32182,2022-09-28,0.06577,2022-09-28,0.40664
2022-09-29,0.30538,2022-09-29,0.06317,2022-09-29,0.3708
2022-09-30,0.27102,2022-09-30,0.05902,2022-09-30,0.35063
2022-10-01,0.3169,2022-10-01,0.05256,2022-10-01,0.41036
2022-10-02,0.41486,2022-10-02,0.05663,2022-10-02,0.4677
2022-10-03,0.50522,2022-10-03,0.06359,2022-10-03,0.54823
2022-10-04,0.51098,2022-10-04,0.0657,2022-10-04,0.53621
2022-10-05,0.54528,2022-10-05,0.06682,2022-10-05,0.62229
2022-10-06,0.58118,2022-10-06,0.06197,2022-10-06,0.61393
2022-10-07,0.66157,2022-10-07,0.05431,2022-10-07,0.5561
2022-10-08,0.67808,2022-10-08,0.04609,2022-10-08,0.53839
2022-10-09,0.98382,2022-10-09,0.04876,2022-10-09,0.61983
2022-10-10,2.08316,2022-10-10,0.06499,2022-10-10,0.66473
2022-10-11,2.0403,2022-10-11,0.06274,2022-10-11,0.58793
2022-10-12,1.48975,2022-10-12,0.06085,2022-10-12,0.53052
2022-10-13,1.05043,2022-10-13,0.05747,2022-10-13,0.45027
2022-10-14,0.82761,2022-10-14,0.04904,2022-10-14,0.38134
2022-10-15,0.87279,2022-10-15,0.05579,2022-10-15,0.44044
2022-10-16,0.96576,2022-10-16,0.0567,2022-10-16,0.44311
2022-10-17,1.4497,2022-10-17,0.06,2022-10-17,0.40748
2022-10-18,2.06138,2022-10-18,0.06014,2022-10-18,0.41289
2022-10-19,1.89576,2022-10-19,0.07083,2022-10-19,0.38331
2022-10-20,1.42953,2022-10-20,0.06296,2022-10-20,0.35541
2022-10-21,1.0895,2022-10-21,0.05607,2022-10-21,0.31184
2022-10-22,1.00792,2022-10-22,0.05024,2022-10-22,0.32414
2022-10-23,1.23074,2022-10-23,0.05726,2022-10-23,0.37769
2022-10-24,1.44949,2022-10-24,0.06359,2022-10-24,0.34789
2022-10-25,1.50219,2022-10-25,0.06288,2022-10-25,0.33293
2022-10-26,1.42475,2022-10-26,0.06837,2022-10-26,0.30109
2022-10-27,1.09793,2022-10-27,0.06232,2022-10-27,0.30081
2022-10-28,0.92283,2022-10-28,0.05628,2022-10-28,0.25331
2022-10-29,1.01769,2022-10-29,0.05509,2022-10-29,0.26694
2022-10-30,0.99295,2022-10-30,0.05087,2022-10-30,0.26392
2022-10-31,0.93568,2022-10-31,0.06127,2022-10-31,0.2791
2022-11-01,0.99808,2022-11-01,0.06844,2022-11-01,0.29224
2022-11-02,1.13426,2022-11-02,0.06865,2022-11-02,0.29632
2022-11-03,1.64392,2022-11-03,0.073,2022-11-03,0.27601
2022-11-04,2.84543,2022-11-04,0.06429,2022-11-04,0.24607
2022-11-05,2.9918,2022-11-05,0.06148,2022-11-05,0.23567
2022-11-06,2.9592,2022-11-06,0.06478,2022-11-06,0.25872
2022-11-07,2.33774,2022-11-07,0.07441,2022-11-07,0.25795
2022-11-08,1.68903,2022-11-08,0.07455,2022-11-08,0.23961
2022-11-09,1.41498,2022-11-09,0.07378,2022-11-09,0.24312
2022-11-10,1.18724,2022-11-10,0.06907,2022-11-10,0.22682
2022-11-11,1.02914,2022-11-11,0.06794,2022-11-11,0.19703
2022-11-12,1.14572,2022-11-12,0.06513,2022-11-12,0.22787
2022-11-13,1.51048,2022-11-13,0.07905,2022-11-13,0.26729
2022-11-14,1.51223,2022-11-14,0.09472,2022-11-14,0.22668
2022-11-15,1.65607,2022-11-15,0.10533,2022-11-15,0.22724
2022-11-16,1.54126,2022-11-16,0.09113,2022-11-16,0.21698
2022-11-17,1.3769,2022-11-17,0.08692,2022-11-17,0.20433
2022-11-18,1.12274,2022-11-18,0.07047,2022-11-18,0.18389
2022-11-19,1.10601,2022-11-19,0.06436,2022-11-19,0.19323
2022-11-20,1.16518,2022-11-20,0.10891,2022-11-20,0.21572
2022-11-21,1.06252,2022-11-21,0.09893,2022-11-21,0.20202
2022-11-22,1.2039,2022-11-22,0.08066,2022-11-22,0.21797
2022-11-23,1.13145,2022-11-23,0.07497,2022-11-23,0.20314
2022-11-24,1.1961,2022-11-24,0.07265,2022-11-24,0.18164
2022-11-25,1.15914,2022-11-25,0.06492,2022-11-25,0.17356
2022-11-26,1.86231,2022-11-26,0.05972,2022-11-26,0.18614
2022-11-27,2.74734,2022-11-27,0.07427,2022-11-27,0.20841
2022-11-28,2.53639,2022-11-28,0.08368,2022-11-28,0.19808
2022-11-29,4.02017,2022-11-29,0.08172,2022-11-29,0.19042
2022-11-30,9.65406,2022-11-30,0.07532,2022-11-30,0.20764
2022-12-01,8.35831,2022-12-01,0.07335,2022-12-01,0.18747
2022-12-02,5.79669,2022-12-02,0.07209,2022-12-02,0.17082
2022-12-03,4.31916,2022-12-03,0.06296,2022-12-03,0.16534
2022-12-04,4.96528,2022-12-04,0.07996,2022-12-04,0.19942
2022-12-05,4.84863,2022-12-05,0.0872,2022-12-05,0.18178
2022-12-06,4.03992,2022-12-06,0.0839,2022-12-06,0.18023
2022-12-07,2.9379,2022-12-07,0.09556,2022-12-07,0.18255
2022-12-08,2.30767,2022-12-08,0.08474,2022-12-08,0.18157
2022-12-09,1.83877,2022-12-09,0.0787,2022-12-09,0.15423
2022-12-10,2.02983,2022-12-10,0.0794,2022-12-10,0.17391
2022-12-11,2.33304,2022-12-11,0.08066,2022-12-11,0.19963
2022-12-12,2.3355,2022-12-12,0.0905,2022-12-12,0.18346
2022-12-13,2.99819,2022-12-13,0.09458,2022-12-13,0.17763
2022-12-14,4.53109,2022-12-14,0.08207,2022-12-14,0.18691
2022-12-15,3.79539,2022-12-15,0.08115,2022-12-15,0.16583
2022-12-16,2.92884,2022-12-16,0.07954,2022-12-16,0.147
2022-12-17,3.16824,2022-12-17,0.07785,2022-12-17,0.16154
2022-12-18,3.85223,2022-12-18,0.09057,2022-12-18,0.19197
2022-12-19,3.36485,2022-12-19,0.09127,2022-12-19,0.16688
2022-12-20,2.80137,2022-12-20,0.08874,2022-12-20,0.17103
2022-12-21,2.34625,2022-12-21,0.09254,2022-12-21,0.15936
2022-12-22,2.71115,2022-12-22,0.08207,2022-12-22,0.1465
2022-12-23,3.19656,2022-12-23,0.07286,2022-12-23,0.1361
2022-12-24,2.97198,2022-12-24,0.06837,2022-12-24,0.14166
2022-12-25,2.82871,2022-12-25,0.08825,2022-12-25,0.16161
2022-12-26,2.20803,2022-12-26,0.09282,2022-12-26,0.1522
2022-12-27,1.81664,2022-12-27,0.09331,2022-12-27,0.15184
2022-12-28,1.6312,2022-12-28,0.08874,2022-12-28,0.14967
2022-12-29,1.42714,2022-12-29,0.08516,2022-12-29,0.14489
2022-12-30,1.17263,2022-12-30,0.07511,2022-12-30,0.13653
2022-12-31,1.20657,2022-12-31,0.07862,2022-12-31,0.13899
2023-01-01,1.332,2023-01-01,0.1028,2023-01-01,0.15009
2023-01-02,1.23587,2023-01-02,0.11488,2023-01-02,0.14854
2023-01-03,1.2469,2023-01-03,0.11481,2023-01-03,0.16056
2023-01-04,1.11262,2023-01-04,0.11636,2023-01-04,0.15894
2023-01-05,0.95719,2023-01-05,0.10687,2023-01-05,0.16505
2023-01-06,0.83429,2023-01-06,0.10006,2023-01-06,0.15191
2023-01-07,0.90308,2023-01-07,0.09886,2023-01-07,0.1822
2023-01-08,0.87799,2023-01-08,0.11945,2023-01-08,0.19429
2023-01-09,0.68054,2023-01-09,0.11868,2023-01-09,0.17883
2023-01-10,0.62011,2023-01-10,0.12395,2023-01-10,0.18578
2023-01-11,0.57816,2023-01-11,0.12746,2023-01-11,0.18726
2023-01-12,0.49749,2023-01-12,0.12655,2023-01-12,0.19218
2023-01-13,0.42912,2023-01-13,0.11123,2023-01-13,0.17827
2023-01-14,0.47599,2023-01-14,0.10765,2023-01-14,0.18515
2023-01-15,0.62636,2023-01-15,0.13175,2023-01-15,0.21558
2023-01-16,0.59917,2023-01-16,0.1283,2023-01-16,0.18522
2023-01-17,0.59805,2023-01-17,0.11263,2023-01-17,0.18304
2023-01-18,0.54844,2023-01-18,0.10589,2023-01-18,0.16667
2023-01-19,0.50649,2023-01-19,0.0957,2023-01-19,0.15943
2023-01-20,0.54696,2023-01-20,0.08523,2023-01-20,0.13983
2023-01-21,0.59144,2023-01-21,0.07743,2023-01-21,0.14383
2023-01-22,0.61379,2023-01-22,0.07982,2023-01-22,0.16365
2023-01-23,0.74189,2023-01-23,0.09978,2023-01-23,0.18248
2023-01-24,1.18598,2023-01-24,0.11573,2023-01-24,0.21523
2023-01-25,1.37795,2023-01-25,0.11495,2023-01-25,0.19913
2023-01-26,1.04544,2023-01-26,0.125,2023-01-26,0.19408
2023-01-27,0.89669,2023-01-27,0.11355,2023-01-27,0.18129
2023-01-28,0.97855,2023-01-28,0.11249,2023-01-28,0.19422
2023-01-29,0.86942,2023-01-29,0.12296,2023-01-29,0.21382
2023-01-30,0.61976,2023-01-30,0.13048,2023-01-30,0.20082
2023-01-31,0.50754,2023-01-31,0.13104,2023-01-31,0.21417
2023-02-01,0.47241,2023-02-01,0.12528,2023-02-01,0.2205
2023-02-02,0.45716,2023-02-02,0.11812,2023-02-02,0.21867
2023-02-03,0.42905,2023-02-03,0.10406,2023-02-03,0.20033
2023-02-04,0.45639,2023-02-04,0.1016,2023-02-04,0.23237
2023-02-05,0.46925,2023-02-05,0.11952,2023-02-05,0.27418
2023-02-06,0.37101,2023-02-06,0.12458,2023-02-06,0.27362
2023-02-07,0.31993,2023-02-07,0.11446,2023-02-07,0.27306
2023-02-08,0.30735,2023-02-08,0.13336,2023-02-08,0.26905
2023-02-09,0.3122,2023-02-09,0.12409,2023-02-09,0.26231
2023-02-10,0.28493,2023-02-10,0.11502,2023-02-10,0.25514
2023-02-11,0.31557,2023-02-11,0.1158,2023-02-11,0.30433
2023-02-12,0.34389,2023-02-12,0.13027,2023-02-12,0.37249
2023-02-13,0.28669,2023-02-13,0.1425,2023-02-13,0.32498
2023-02-14,0.28669,2023-02-14,0.12542,2023-02-14,0.30496
2023-02-15,0.28915,2023-02-15,0.12592,2023-02-15,0.29421
2023-02-16,0.28093,2023-02-16,0.1243,2023-02-16,0.28325
2023-02-17,0.24917,2023-02-17,0.11903,2023-02-17,0.27355
2023-02-18,0.26111,2023-02-18,0.12128,2023-02-18,0.33932
2023-02-19,0.29709,2023-02-19,0.13913,2023-02-19,0.39863
2023-02-20,0.30566,2023-02-20,0.1361,2023-02-20,0.32801
2023-02-21,0.30011,2023-02-21,0.14341,2023-02-21,0.32625
2023-02-22,0.26462,2023-02-22,0.13407,2023-02-22,0.31838
2023-02-23,0.233,2023-02-23,0.13941,2023-02-23,0.33623
2023-02-24,0.20195,2023-02-24,0.13435,2023-02-24,0.31114
2023-02-25,0.25261,2023-02-25,0.13519,2023-02-25,0.39434
2023-02-26,0.26202,2023-02-26,0.14081,2023-02-26,0.43917
2023-02-27,0.21579,2023-02-27,0.14981,2023-02-27,0.38141
2023-02-28,0.18396,2023-02-28,0.13716,2023-02-28,0.4183
2023-03-01,0.23596,2023-03-01,0.14278,2023-03-01,0.51815
2023-03-02,0.2219,2023-03-02,0.13568,2023-03-02,0.34178
2023-03-03,0.18255,2023-03-03,0.12339,2023-03-03,0.32035
2023-03-04,0.18515,2023-03-04,0.11144,2023-03-04,0.51084
2023-03-05,0.1751,2023-03-05,0.12268,2023-03-05,0.5582
2023-03-06,0.13793,2023-03-06,0.13154,2023-03-06,0.50234
2023-03-07,0.11966,2023-03-07,0.13203,2023-03-07,0.52511
2023-03-08,0.10933,2023-03-08,0.14236,2023-03-08,0.56664
2023-03-09,0.0872,2023-03-09,0.13364,2023-03-09,0.45421
2023-03-10,0.08024,2023-03-10,0.13681,2023-03-10,0.40411
2023-03-11,0.07483,2023-03-11,0.14763,2023-03-11,0.43643
2023-03-12,0.11896,2023-03-12,0.14039,2023-03-12,0.44929
2023-03-13,0.14397,2023-03-13,0.12964,2023-03-13,0.36244
2023-03-14,0.08783,2023-03-14,0.15768,2023-03-14,0.41134
2023-03-15,0.08572,2023-03-15,0.13477,2023-03-15,0.39209
2023-03-16,0.09668,2023-03-16,0.11523,2023-03-16,0.36237
2023-03-17,0.08874,2023-03-17,0.10491,2023-03-17,0.33068
2023-03-18,0.08193,2023-03-18,0.11587,2023-03-18,0.39069
2023-03-19,0.08537,2023-03-19,0.1217,2023-03-19,0.46145
2023-03-20,0.06717,2023-03-20,0.11896,2023-03-20,0.40284
2023-03-21,0.06548,2023-03-21,0.14362,2023-03-21,0.44444
2023-03-22,0.05923,2023-03-22,0.17004,2023-03-22,0.42512
2023-03-23,0.04911,2023-03-23,0.16091,2023-03-23,0.40502
2023-03-24,0.05424,2023-03-24,0.14313,2023-03-24,0.36574
2023-03-25,0.05473,2023-03-25,0.13934,2023-03-25,0.40551
2023-03-26,0.06134,2023-03-26,0.16063,2023-03-26,0.46826
2023-03-27,0.07469,2023-03-27,0.13435,2023-03-27,0.41008
2023-03-28,0.05874,2023-03-28,0.12999,2023-03-28,0.37972
2023-03-29,0.05087,2023-03-29,0.13027,2023-03-29,0.39567
2023-03-30,0.04202,2023-03-30,0.14671,2023-03-30,0.37445
2023-03-31,0.03836,2023-03-31,0.15508,2023-03-31,0.33616
2023-04-01,0.03492,2023-04-01,0.1952,2023-04-01,0.36103
2023-04-02,0.0411,2023-04-02,0.24657,2023-04-02,0.41437
2023-04-03,0.03913,2023-04-03,0.24832,2023-04-03,0.37171
2023-04-04,0.03632,2023-04-04,0.21199,2023-04-04,0.35457
2023-04-05,0.03991,2023-04-05,0.18501,2023-04-05,0.30826
2023-04-06,0.05733,2023-04-06,0.16815,2023-04-06,0.30433
2023-04-07,0.0541,2023-04-07,0.14411,2023-04-07,0.27748
2023-04-08,0.05586,2023-04-08,0.15206,2023-04-08,0.30559
2023-04-09,0.04862,2023-04-09,0.17117,2023-04-09,0.3507
2023-04-10,0.03906,2023-04-10,0.16983,2023-04-10,0.33068
2023-04-11,0.04539,2023-04-11,0.15971,2023-04-11,0.30264
2023-04-12,0.04328,2023-04-12,0.15866,2023-04-12,0.2992
2023-04-13,0.03935,2023-04-13,0.16077,2023-04-13,0.30166
2023-04-14,0.0366,2023-04-14,0.15381,2023-04-14,0.25957
2023-04-15,0.04033,2023-04-15,0.15458,2023-04-15,0.28437
2023-04-16,0.04152,2023-04-16,0.1614,2023-04-16,0.32498
2023-04-17,0.04089,2023-04-17,0.16484,2023-04-17,0.30939
2023-04-18,0.03541,2023-04-18,0.16288,2023-04-18,0.3058
2023-04-19,0.03288,2023-04-19,0.21979,2023-04-19,0.28641
2023-04-20,0.03063,2023-04-20,0.23097,2023-04-20,0.25015
2023-04-21,0.03183,2023-04-21,0.20581,2023-04-21,0.22155
2023-04-22,0.03056,2023-04-22,0.19984,2023-04-22,0.24628
2023-04-23,0.03288,2023-04-23,0.2108,2023-04-23,0.27397
2023-04-24,0.03197,2023-04-24,0.18916,2023-04-24,0.26013
2023-04-25,0.04117,2023-04-25,0.16168,2023-04-25,0.26385
2023-04-26,0.0527,2023-04-26,0.15887,2023-04-26,0.25725
2023-04-27,0.04187,2023-04-27,0.15557,2023-04-27,0.23005
2023-04-28,0.0307,2023-04-28,0.14819,2023-04-28,0.20384
2023-04-29,0.03836,2023-04-29,0.17096,2023-04-29,0.23863
2023-04-30,0.03864,2023-04-30,0.18129,2023-04-30,0.24593
2023-05-01,0.03864,2023-05-01,0.19478,2023-05-01,0.24804
2023-05-02,0.03162,2023-05-02,0.20897,2023-05-02,0.24446
2023-05-03,0.03112,2023-05-03,0.21108,2023-05-03,0.22963
2023-05-04,0.03063,2023-05-04,0.20897,2023-05-04,0.19274
2023-05-05,0.03639,2023-05-05,0.2219,2023-05-05,0.19773
2023-05-06,0.03773,2023-05-06,0.19738,2023-05-06,0.20708
2023-05-07,0.04124,2023-05-07,0.19857,2023-05-07,0.24347
2023-05-08,0.03583,2023-05-08,0.20525,2023-05-08,0.21452
2023-05-09,0.03464,2023-05-09,0.21284,2023-05-09,0.22043
2023-05-10,0.03471,2023-05-10,0.23174,2023-05-10,0.2141
2023-05-11,0.03211,2023-05-11,0.24319,2023-05-11,0.1919
2023-05-12,0.02895,2023-05-12,0.21277,2023-05-12,0.16253
2023-05-13,0.03436,2023-05-13,0.22626,2023-05-13,0.17679
2023-05-14,0.03485,2023-05-14,0.26877,2023-05-14,0.19464
2023-05-15,0.03133,2023-05-15,0.30482,2023-05-15,0.17482
2023-05-16,0.03422,2023-05-16,0.37586,2023-05-16,0.15339
2023-05-17,0.03351,2023-05-17,0.34719,2023-05-17,0.13364
2023-05-18,0.03344,2023-05-18,0.26905,2023-05-18,0.1158
2023-05-19,0.03098,2023-05-19,0.25205,2023-05-19,0.11074
2023-05-20,0.0352,2023-05-20,0.27004,2023-05-20,0.11158
2023-05-21,0.03991,2023-05-21,0.29105,2023-05-21,0.13252
2023-05-22,0.03689,2023-05-22,0.2642,2023-05-22,0.13849
2023-05-23,0.10413,2023-05-23,0.24235,2023-05-23,0.13723
2023-05-24,0.06246,2023-05-24,0.23132,2023-05-24,0.13386
2023-05-25,0.04005,2023-05-25,0.22661,2023-05-25,0.11713
2023-05-26,0.03422,2023-05-26,0.19829,2023-05-26,0.09718
2023-05-27,0.03534,2023-05-27,0.19225,2023-05-27,0.10357
2023-05-28,0.04693,2023-05-28,0.21122,2023-05-28,0.12444
2023-05-29,0.04307,2023-05-29,0.23673,2023-05-29,0.10751
2023-05-30,0.034,2023-05-30,0.22584,2023-05-30,0.09781
2023-05-31,0.0418,2023-05-31,0.22851,2023-05-31,0.10666
2023-06-01,0.04054,2023-06-01,0.21902,2023-06-01,0.10195
2023-06-02,0.03562,2023-06-02,0.21291,2023-06-02,0.08846
2023-06-03,0.03436,2023-06-03,0.20216,2023-06-03,0.09254
2023-06-04,0.03408,2023-06-04,0.233,2023-06-04,0.0983
2023-06-05,0.03963,2023-06-05,0.20785,2023-06-05,0.09401
2023-06-06,0.03942,2023-06-06,0.21804,2023-06-06,0.09971
2023-06-07,0.03935,2023-06-07,0.20096,2023-06-07,0.09696
2023-06-08,0.04082,2023-06-08,0.20272,2023-06-08,0.09823
2023-06-09,0.03885,2023-06-09,0.18817,2023-06-09,0.07898
2023-06-10,0.03899,2023-06-10,0.18339,2023-06-10,0.07518
2023-06-11,0.04609,2023-06-11,0.21382,2023-06-11,0.08221
2023-06-12,0.04911,2023-06-12,0.21579,2023-06-12,0.08094
2023-06-13,0.04806,2023-06-13,0.21403,2023-06-13,0.08172
2023-06-14,0.04904,2023-06-14,0.20588,2023-06-14,0.08509
2023-06-15,0.04195,2023-06-15,0.18649,2023-06-15,0.08158
2023-06-16,0.04068,2023-06-16,0.18164,2023-06-16,0.07125
2023-06-17,0.04546,2023-06-17,0.18635,2023-06-17,0.06478
2023-06-18,0.05593,2023-06-18,0.20335,2023-06-18,0.07357
2023-06-19,0.0489,2023-06-19,0.21839,2023-06-19,0.07511
2023-06-20,0.05059,2023-06-20,0.19752,2023-06-20,0.07413
2023-06-21,0.0553,2023-06-21,0.18571,2023-06-21,0.08439
2023-06-22,0.04686,2023-06-22,0.18424,2023-06-22,0.0709
2023-06-23,0.04454,2023-06-23,0.16787,2023-06-23,0.06591
2023-06-24,0.04672,2023-06-24,0.18016,2023-06-24,0.06331
2023-06-25,0.05586,2023-06-25,0.19211,2023-06-25,0.07272
2023-06-26,0.0482,2023-06-26,0.16906,2023-06-26,0.0756
2023-06-27,0.05241,2023-06-27,0.1919,2023-06-27,0.07272
2023-06-28,0.05017,2023-06-28,0.18487,2023-06-28,0.07497
2023-06-29,0.05719,2023-06-29,0.17672,2023-06-29,0.0756
2023-06-30,0.06148,2023-06-30,0.15768,2023-06-30,0.06703
2023-07-01,0.05551,2023-07-01,0.18002,2023-07-01,0.06436
2023-07-02,0.05733,2023-07-02,0.19836,2023-07-02,0.06879
2023-07-03,0.05466,2023-07-03,0.19632,2023-07-03,0.07244
2023-07-04,0.05902,2023-07-04,0.17798,2023-07-04,0.07961
2023-07-05,0.0534,2023-07-05,0.18108,2023-07-05,0.07652
2023-07-06,0.06267,2023-07-06,0.17742,2023-07-06,0.07603
2023-07-07,0.05249,2023-07-07,0.1529,2023-07-07,0.06886
2023-07-08,0.05466,2023-07-08,0.15206,2023-07-08,0.07244
2023-07-09,0.06387,2023-07-09,0.16133,2023-07-09,0.08474
2023-07-10,0.06036,2023-07-10,0.17117,2023-07-10,0.07687
2023-07-11,0.07047,2023-07-11,0.16513,2023-07-11,0.07827
2023-07-12,0.0631,2023-07-12,0.16541,2023-07-12,0.07244
2023-07-13,0.07687,2023-07-13,0.1522,2023-07-13,0.08137
2023-07-14,0.06225,2023-07-14,0.13322,2023-07-14,0.0756
2023-07-15,0.07469,2023-07-15,0.13589,2023-07-15,0.07919
2023-07-16,0.08502,2023-07-16,0.15051,2023-07-16,0.08579
2023-07-17,0.07019,2023-07-17,0.14728,2023-07-17,0.07813
2023-07-18,0.08059,2023-07-18,0.14194,2023-07-18,0.0834
2023-07-19,0.07033,2023-07-19,0.1517,2023-07-19,0.07244
2023-07-20,0.06162,2023-07-20,0.13505,2023-07-20,0.07251
2023-07-21,0.06837,2023-07-21,0.13393,2023-07-21,0.06556
2023-07-22,0.0709,2023-07-22,0.13252,2023-07-22,0.06373
2023-07-23,0.07827,2023-07-23,0.1458,2023-07-23,0.082
2023-07-24,0.07181,2023-07-24,0.15241,2023-07-24,0.07111
2023-07-25,0.07638,2023-07-25,0.15536,2023-07-25,0.06682
2023-07-26,0.08094,2023-07-26,0.14643,2023-07-26,0.07434
2023-07-27,0.07539,2023-07-27,0.14088,2023-07-27,0.07083
2023-07-28,0.07497,2023-07-28,0.13884,2023-07-28,0.06872
2023-07-29,0.07097,2023-07-29,0.13491,2023-07-29,0.06331
2023-07-30,0.08895,2023-07-30,0.13941,2023-07-30,0.06534
2023-07-31,0.07996,2023-07-31,0.14151,2023-07-31,0.07209
2023-08-01,0.09682,2023-08-01,0.15599,2023-08-01,0.06801
2023-08-02,0.08642,2023-08-02,0.14974,2023-08-02,0.06556
2023-08-03,0.08305,2023-08-03,0.14222,2023-08-03,0.06745
2023-08-04,0.0827,2023-08-04,0.13126,2023-08-04,0.06127
2023-08-05,0.08706,2023-08-05,0.12184,2023-08-05,0.0645
2023-08-06,0.10954,2023-08-06,0.12999,2023-08-06,0.07343
2023-08-07,0.10174,2023-08-07,0.12992,2023-08-07,0.07518
2023-08-08,0.12135,2023-08-08,0.12746,2023-08-08,0.07827
2023-08-09,0.112,2023-08-09,0.11186,2023-08-09,0.08165
2023-08-10,0.13807,2023-08-10,0.09978,2023-08-10,0.10371
2023-08-11,0.12332,2023-08-11,0.09198,2023-08-11,0.09275
2023-08-12,0.11692,2023-08-12,0.09113,2023-08-12,0.10385
2023-08-13,0.13308,2023-08-13,0.09725,2023-08-13,0.10013
2023-08-14,0.13055,2023-08-14,0.09528,2023-08-14,0.0865
2023-08-15,0.15262,2023-08-15,0.09725,2023-08-15,0.10807
2023-08-16,0.13582,2023-08-16,0.09345,2023-08-16,0.10266
2023-08-17,0.13927,2023-08-17,0.09654,2023-08-17,0.10322
2023-08-18,0.1236,2023-08-18,0.0839,2023-08-18,0.09935
2023-08-19,0.1335,2023-08-19,0.08235,2023-08-19,0.09858
2023-08-20,0.16794,2023-08-20,0.08727,2023-08-20,0.11706
2023-08-21,0.14229,2023-08-21,0.0976,2023-08-21,0.11193
2023-08-22,0.14615,2023-08-22,0.09661,2023-08-22,0.12191
2023-08-23,0.15388,2023-08-23,0.0853,2023-08-23,0.12978
2023-08-24,0.14889,2023-08-24,0.08748,2023-08-24,0.13828
2023-08-25,0.14243,2023-08-25,0.08003,2023-08-25,0.1243
2023-08-26,0.14475,2023-08-26,0.07427,2023-08-26,0.13477
2023-08-27,0.17953,2023-08-27,0.07841,2023-08-27,0.15915
2023-08-28,0.18185,2023-08-28,0.0787,2023-08-28,0.20279
2023-08-29,0.17588,2023-08-29,0.08319,2023-08-29,0.22204
2023-08-30,0.19141,2023-08-30,0.07848,2023-08-30,0.23336
2023-08-31,0.16646,2023-08-31,0.07385,2023-08-31,0.21003
2023-09-01,0.15796,2023-09-01,0.0638,2023-09-01,0.21157
2023-09-02,0.17138,2023-09-02,0.06211,2023-09-02,0.21607
2023-09-03,0.19668,2023-09-03,0.06844,2023-09-03,0.23567
2023-09-04,0.18185,2023-09-04,0.08073,2023-09-04,0.20623
2023-09-05,0.1796,2023-09-05,0.08354,2023-09-05,0.19787
2023-09-06,0.16751,2023-09-06,0.07996,2023-09-06,0.18403
2023-09-07,0.19302,2023-09-07,0.07652,2023-09-07,0.20525
2023-09-08,0.19506,2023-09-08,0.06738,2023-09-08,0.21129
2023-09-09,0.18354,2023-09-09,0.0612,2023-09-09,0.22331
2023-09-10,0.22071,2023-09-10,0.07244,2023-09-10,0.25493
2023-09-11,0.19906,2023-09-11,0.0768,2023-09-11,0.23603
2023-09-12,0.19457,2023-09-12,0.07834,2023-09-12,0.23799
2023-09-13,0.19625,2023-09-13,0.07364,2023-09-13,0.28008
2023-09-14,0.20019,2023-09-14,0.06935,2023-09-14,0.29034
2023-09-15,0.18621,2023-09-15,0.06296,2023-09-15,0.2862
2023-09-16,0.20033,2023-09-16,0.06078,2023-09-16,0.30383
2023-09-17,0.22907,2023-09-17,0.0704,2023-09-17,0.30201
2023-09-18,0.19597,2023-09-18,0.07792,2023-09-18,0.27158
2023-09-19,0.19464,2023-09-19,0.07595,2023-09-19,0.26231
2023-09-20,0.20834,2023-09-20,0.0704,2023-09-20,0.32182
2023-09-21,0.23012,2023-09-21,0.06387,2023-09-21,0.40397
2023-09-22,0.21993,2023-09-22,0.05206,2023-09-22,0.38169
2023-09-23,0.22127,2023-09-23,0.04539,2023-09-23,0.35422
2023-09-24,0.26722,2023-09-24,0.04939,2023-09-24,0.40551
2023-09-25,0.23441,2023-09-25,0.05333,2023-09-25,0.3585
2023-09-26,0.24368,2023-09-26,0.05003,2023-09-26,0.31283
2023-09-27,0.20279,2023-09-27,0.04117,2023-09-27,0.24376
2023-09-28,0.20967,2023-09-28,0.03752,2023-09-28,0.20967
2023-09-29,0.2205,2023-09-29,0.03464,2023-09-29,0.23279
2023-09-30,0.27207,2023-09-30,0.03717,2023-09-30,0.29175
2023-10-01,0.31184,2023-10-01,0.0456,2023-10-01,0.33939
2023-10-02,0.37256,2023-10-02,0.0501,2023-10-02,0.38759
2023-10-03,0.49257,2023-10-03,0.0574,2023-10-03,0.46918
2023-10-04,0.47894,2023-10-04,0.06619,2023-10-04,0.47241
2023-10-05,0.69783,2023-10-05,0.06155,2023-10-05,0.54401
2023-10-06,0.65068,2023-10-06,0.05333,2023-10-06,0.43552
2023-10-07,0.52124,2023-10-07,0.04567,2023-10-07,0.3871
2023-10-08,0.53853,2023-10-08,0.04363,2023-10-08,0.37572
2023-10-09,0.57781,2023-10-09,0.05199,2023-10-09,0.40073
2023-10-10,0.54345,2023-10-10,0.06071,2023-10-10,0.40263
2023-10-11,0.48449,2023-10-11,0.06225,2023-10-11,0.40284
2023-10-12,0.51885,2023-10-12,0.06394,2023-10-12,0.35906
2023-10-13,0.46658,2023-10-13,0.05614,2023-10-13,0.31929
2023-10-14,0.4847,2023-10-14,0.04518,2023-10-14,0.31444
2023-10-15,0.58884,2023-10-15,0.056,2023-10-15,0.34002
2023-10-16,0.67822,2023-10-16,0.06267,2023-10-16,0.3682
2023-10-17,0.81138,2023-10-17,0.06478,2023-10-17,0.37733
2023-10-18,0.76894,2023-10-18,0.06366,2023-10-18,0.35162
2023-10-19,0.74371,2023-10-19,0.05937,2023-10-19,0.32463
2023-10-20,1.05465,2023-10-20,0.05537,2023-10-20,0.28992
2023-10-21,1.2689,2023-10-21,0.04553,2023-10-21,0.26793
2023-10-22,1.33797,2023-10-22,0.05185,2023-10-22,0.29245
2023-10-23,1.05135,2023-10-23,0.06324,2023-10-23,0.29224
2023-10-24,0.85235,2023-10-24,0.06429,2023-10-24,0.28332
2023-10-25,0.73289,2023-10-25,0.06584,2023-10-25,0.25331
2023-10-26,0.63972,2023-10-26,0.05811,2023-10-26,0.22626
2023-10-27,0.63838,2023-10-27,0.05312,2023-10-27,0.21937
2023-10-28,0.65131,2023-10-28,0.0501,2023-10-28,0.22359
2023-10-29,0.75615,2023-10-29,0.05628,2023-10-29,0.24839
2023-10-30,0.72924,2023-10-30,0.06556,2023-10-30,0.24572
2023-10-31,0.69101,2023-10-31,0.06352,2023-10-31,0.2361
2023-11-01,0.67675,2023-11-01,0.06478,2023-11-01,0.22204
2023-11-02,0.56966,2023-11-02,0.0723,2023-11-02,0.21235
2023-11-03,0.56087,2023-11-03,0.07068,2023-11-03,0.1997
2023-11-04,0.60114,2023-11-04,0.06267,2023-11-04,0.19752
2023-11-05,0.8066,2023-11-05,0.07813,2023-11-05,0.22851
2023-11-06,1.39306,2023-11-06,0.08607,2023-11-06,0.20525
2023-11-07,2.65922,2023-11-07,0.08059,2023-11-07,0.21881
2023-11-08,2.47104,2023-11-08,0.0761,2023-11-08,0.20216
2023-11-09,1.69212,2023-11-09,0.0716,2023-11-09,0.19717
2023-11-10,2.77228,2023-11-10,0.06225,2023-11-10,0.17538
2023-11-11,3.52043,2023-11-11,0.06141,2023-11-11,0.16639
2023-11-12,4.53882,2023-11-12,0.06563,2023-11-12,0.18845
2023-11-13,5.27144,2023-11-13,0.07209,2023-11-13,0.19239
2023-11-14,3.65682,2023-11-14,0.07258,2023-11-14,0.18276
2023-11-15,2.69857,2023-11-15,0.06766,2023-11-15,0.16386
2023-11-16,2.6517,2023-11-16,0.06584,2023-11-16,0.16063
2023-11-17,3.14737,2023-11-17,0.05776,2023-11-17,0.14194
2023-11-18,3.68387,2023-11-18,0.05354,2023-11-18,0.14208
2023-11-19,3.04949,2023-11-19,0.06218,2023-11-19,0.15142
2023-11-20,2.4085,2023-11-20,0.07216,2023-11-20,0.1491
2023-11-21,2.11506,2023-11-21,0.07638,2023-11-21,0.15206
2023-11-22,1.82261,2023-11-22,0.07118,2023-11-22,0.1458
2023-11-23,1.79408,2023-11-23,0.06267,2023-11-23,0.13969
2023-11-24,2.96053,2023-11-24,0.06591,2023-11-24,0.12922
2023-11-25,2.99398,2023-11-25,0.05642,2023-11-25,0.12908
2023-11-26,2.73202,2023-11-26,0.0678,2023-11-26,0.16224
2023-11-27,2.28659,2023-11-27,0.07378,2023-11-27,0.15149
2023-11-28,2.64243,2023-11-28,0.07125,2023-11-28,0.1522
2023-11-29,2.83461,2023-11-29,0.08045,2023-11-29,0.15318
2023-11-30,3.47047,2023-11-30,0.06773,2023-11-30,0.14433
2023-12-01,2.89912,2023-12-01,0.06324,2023-12-01,0.13498
2023-12-02,2.50287,2023-12-02,0.06007,2023-12-02,0.14201
2023-12-03,2.3596,2023-12-03,0.0787,2023-12-03,0.1522
2023-12-04,1.85585,2023-12-04,0.08888,2023-12-04,0.14671
2023-12-05,1.61405,2023-12-05,0.08551,2023-12-05,0.14826
2023-12-06,1.49326,2023-12-06,0.08411,2023-12-06,0.15761
2023-12-07,1.2136,2023-12-07,0.08165,2023-12-07,0.15402
2023-12-08,0.92978,2023-12-08,0.07799,2023-12-08,0.1392
2023-12-09,0.85635,2023-12-09,0.07813,2023-12-09,0.13969
2023-12-10,0.92219,2023-12-10,0.08664,2023-12-10,0.16267
2023-12-11,0.91994,2023-12-11,0.09872,2023-12-11,0.15128
2023-12-12,1.03181,2023-12-12,0.08973,2023-12-12,0.15627
2023-12-13,1.00792,2023-12-13,0.0898,2023-12-13,0.1425
2023-12-14,1.00075,2023-12-14,0.0886,2023-12-14,0.14383
2023-12-15,1.04193,2023-12-15,0.07673,2023-12-15,0.1276
2023-12-16,1.92527,2023-12-16,0.07567,2023-12-16,0.12549
2023-12-17,2.71382,2023-12-17,0.09001,2023-12-17,0.1451
2023-12-18,2.88415,2023-12-18,0.08375,2023-12-18,0.14791
2023-12-19,2.30163,2023-12-19,0.08333,2023-12-19,0.13589
2023-12-20,2.61256,2023-12-20,0.07511,2023-12-20,0.13048
2023-12-21,2.89089,2023-12-21,0.0716,2023-12-21,0.11783
2023-12-22,2.29671,2023-12-22,0.06612,2023-12-22,0.10884
2023-12-23,1.96111,2023-12-23,0.06457,2023-12-23,0.11074
2023-12-24,1.61159,2023-12-24,0.06527,2023-12-24,0.11376
2023-12-25,1.37823,2023-12-25,0.08101,2023-12-25,0.1262
2023-12-26,1.10405,2023-12-26,0.08523,2023-12-26,0.11313
2023-12-27,0.87856,2023-12-27,0.07996,2023-12-27,0.11088
2023-12-28,0.75011,2023-12-28,0.07378,2023-12-28,0.10322
2023-12-29,0.69811,2023-12-29,0.06478,2023-12-29,0.09788
2023-12-30,0.75524,2023-12-30,0.07413,2023-12-30,0.11039
2023-12-31,0.71469,2023-12-31,0.07005,2023-12-31,0.10694
2024-01-01,0.69129,2024-01-01,0.07989,2024-01-01,0.11123
2024-01-02,0.60704,2024-01-02,0.09528,2024-01-02,0.11523
2024-01-03,0.60725,2024-01-03,0.09521,2024-01-03,0.12479
2024-01-04,0.57078,2024-01-04,0.09577,2024-01-04,0.1269
2024-01-05,0.51302,2024-01-05,0.08938,2024-01-05,0.12022
2024-01-06,0.59446,2024-01-06,0.0957,2024-01-06,0.12788
2024-01-07,0.81054,2024-01-07,0.09956,2024-01-07,0.14503
2024-01-08,0.75699,2024-01-08,0.09493,2024-01-08,0.12135
2024-01-09,0.74477,2024-01-09,0.09577,2024-01-09,0.13343
2024-01-10,0.65405,2024-01-10,0.09675,2024-01-10,0.1321
2024-01-11,0.57022,2024-01-11,0.09303,2024-01-11,0.13301
2024-01-12,0.51815,2024-01-12,0.09078,2024-01-12,0.12781
2024-01-13,0.58505,2024-01-13,0.08685,2024-01-13,0.1432
2024-01-14,0.62124,2024-01-14,0.09907,2024-01-14,0.15655
2024-01-15,0.57795,2024-01-15,0.10533,2024-01-15,0.14278
2024-01-16,0.59727,2024-01-16,0.09809,2024-01-16,0.13688
2024-01-17,0.55785,2024-01-17,0.09767,2024-01-17,0.1413
2024-01-18,0.49054,2024-01-18,0.09437,2024-01-18,0.14489
2024-01-19,0.43032,2024-01-19,0.09029,2024-01-19,0.12444
2024-01-20,0.50311,2024-01-20,0.08228,2024-01-20,0.14573
2024-01-21,0.60781,2024-01-21,0.09415,2024-01-21,0.15557
2024-01-22,0.81096,2024-01-22,0.09514,2024-01-22,0.14208
2024-01-23,1.07425,2024-01-23,0.086,2024-01-23,0.14102
2024-01-24,0.93758,2024-01-24,0.08748,2024-01-24,0.13969
2024-01-25,0.73015,2024-01-25,0.08404,2024-01-25,0.13308
2024-01-26,0.54837,2024-01-26,0.07764,2024-01-26,0.12332
2024-01-27,0.55399,2024-01-27,0.08031,2024-01-27,0.14496
2024-01-28,0.57683,2024-01-28,0.08727,2024-01-28,0.16035
2024-01-29,0.45287,2024-01-29,0.09493,2024-01-29,0.15423
2024-01-30,0.41416,2024-01-30,0.09261,2024-01-30,0.15993
2024-01-31,0.35506,2024-01-31,0.08495,2024-01-31,0.16449
2024-02-01,0.31662,2024-02-01,0.08804,2024-02-01,0.16505
2024-02-02,0.29533,2024-02-02,0.0834,2024-02-02,0.15156
2024-02-03,0.31522,2024-02-03,0.07624,2024-02-03,0.16351
2024-02-04,0.33391,2024-02-04,0.08987,2024-02-04,0.19794
2024-02-05,0.29315,2024-02-05,0.08516,2024-02-05,0.17194
2024-02-06,0.2739,2024-02-06,0.08706,2024-02-06,0.16035
2024-02-07,0.24713,2024-02-07,0.0716,2024-02-07,0.14826
2024-02-08,0.23118,2024-02-08,0.05944,2024-02-08,0.13737
2024-02-09,0.23314,2024-02-09,0.05579,2024-02-09,0.12929
2024-02-10,0.242,2024-02-10,0.05993,2024-02-10,0.14517
2024-02-11,0.27116,2024-02-11,0.07026,2024-02-11,0.17201
2024-02-12,0.28725,2024-02-12,0.09303,2024-02-12,0.22766
2024-02-13,0.23603,2024-02-13,0.09514,2024-02-13,0.23947
2024-02-14,0.18691,2024-02-14,0.09956,2024-02-14,0.25275
2024-02-15,0.18719,2024-02-15,0.08973,2024-02-15,0.2226
2024-02-16,0.18726,2024-02-16,0.07827,2024-02-16,0.2115
2024-02-17,0.19148,2024-02-17,0.07328,2024-02-17,0.23919
2024-02-18,0.20047,2024-02-18,0.0912,2024-02-18,0.28311
2024-02-19,0.15824,2024-02-19,0.09795,2024-02-19,0.24811
2024-02-20,0.17819,2024-02-20,0.09394,2024-02-20,0.24924
2024-02-21,0.17735,2024-02-21,0.0886,2024-02-21,0.24319
2024-02-22,0.19696,2024-02-22,0.08347,2024-02-22,0.21024
2024-02-23,0.23504,2024-02-23,0.07146,2024-02-23,0.19836
2024-02-24,0.25036,2024-02-24,0.0683,2024-02-24,0.21417
2024-02-25,0.24186,2024-02-25,0.07982,2024-02-25,0.24635
2024-02-26,0.19646,2024-02-26,0.07799,2024-02-26,0.23434
2024-02-27,0.21375,2024-02-27,0.08087,2024-02-27,0.23061
2024-02-28,0.19091,2024-02-28,0.06787,2024-02-28,0.22176
2024-02-29,0.16737,2024-02-29,0.07385,2024-02-29,0.2037
2024-03-01,0.23891,2024-03-01,0.06548,2024-03-01,0.23546
2024-03-02,0.2694,2024-03-02,0.0704,2024-03-02,0.22317
2024-03-03,0.23097,2024-03-03,0.0808,2024-03-03,0.26441
2024-03-04,0.18571,2024-03-04,0.07617,2024-03-04,0.22696
2024-03-05,0.18213,2024-03-05,0.08291,2024-03-05,0.246
2024-03-06,0.15606,2024-03-06,0.0886,2024-03-06,0.24495
2024-03-07,0.17145,2024-03-07,0.08193,2024-03-07,0.23841
2024-03-08,0.18635,2024-03-08,0.07504,2024-03-08,0.22387
2024-03-09,0.19197,2024-03-09,0.07104,2024-03-09,0.24186
2024-03-10,0.18382,2024-03-10,0.08495,2024-03-10,0.29062
2024-03-11,0.16597,2024-03-11,0.07933,2024-03-11,0.27214
2024-03-12,0.14805,2024-03-12,0.0886,2024-03-12,0.26568
2024-03-13,0.1387,2024-03-13,0.08769,2024-03-13,0.28282
2024-03-14,0.12114,2024-03-14,0.08614,2024-03-14,0.29983
2024-03-15,0.10469,2024-03-15,0.08291,2024-03-15,0.28908
2024-03-16,0.1054,2024-03-16,0.08783,2024-03-16,0.33328
2024-03-17,0.10181,2024-03-17,0.10561,2024-03-17,0.36708
2024-03-18,0.10216,2024-03-18,0.10139,2024-03-18,0.32077
2024-03-19,0.10659,2024-03-19,0.09099,2024-03-19,0.30538
2024-03-20,0.12395,2024-03-20,0.09563,2024-03-20,0.27826
2024-03-21,0.11292,2024-03-21,0.08769,2024-03-21,0.26596
2024-03-22,0.10505,2024-03-22,0.08221,2024-03-22,0.25767
2024-03-23,0.08642,2024-03-23,0.09444,2024-03-23,0.30517
2024-03-24,0.07715,2024-03-24,0.11945,2024-03-24,0.36033
2024-03-25,0.0723,2024-03-25,0.10828,2024-03-25,0.31599
2024-03-26,0.08024,2024-03-26,0.099,2024-03-26,0.29723
2024-03-27,0.06682,2024-03-27,0.099,2024-03-27,0.31206
2024-03-28,0.06345,2024-03-28,0.09696,2024-03-28,0.27608
2024-03-29,0.06064,2024-03-29,0.09085,2024-03-29,0.26694
2024-03-30,0.05916,2024-03-30,0.08867,2024-03-30,0.31662
2024-03-31,0.05565,2024-03-31,0.10652,2024-03-31,0.35499
2024-04-01,0.04834,2024-04-01,0.11706,2024-04-01,0.34972
2024-04-02,0.0548,2024-04-02,0.14159,2024-04-02,0.35401
2024-04-03,0.04532,2024-04-03,0.12894,2024-04-03,0.3299
2024-04-04,0.0449,2024-04-04,0.13182,2024-04-04,0.32484
2024-04-05,0.04426,2024-04-05,0.11819,2024-04-05,0.28156
2024-04-06,0.04848,2024-04-06,0.12493,2024-04-06,0.29196
2024-04-07,0.04525,2024-04-07,0.17187,2024-04-07,0.33054
2024-04-08,0.04518,2024-04-08,0.17918,2024-04-08,0.31747
2024-04-09,0.0366,2024-04-09,0.1607,2024-04-09,0.28542
2024-04-10,0.03499,2024-04-10,0.16864,2024-04-10,0.28514
2024-04-11,0.03415,2024-04-11,0.16316,2024-04-11,0.26491
2024-04-12,0.0307,2024-04-12,0.20377,2024-04-12,0.23462
2024-04-13,0.03752,2024-04-13,0.25668,2024-04-13,0.23076
2024-04-14,0.03077,2024-04-14,0.29379,2024-04-14,0.21881
2024-04-15,0.0319,2024-04-15,0.23019,2024-04-15,0.20363
2024-04-16,0.03274,2024-04-16,0.21586,2024-04-16,0.22134
2024-04-17,0.02761,2024-04-17,0.21762,2024-04-17,0.21937
2024-04-18,0.02979,2024-04-18,0.21776,2024-04-18,0.20089
2024-04-19,0.02951,2024-04-19,0.19759,2024-04-19,0.17475
2024-04-20,0.03555,2024-04-20,0.18431,2024-04-20,0.17314
2024-04-21,0.03267,2024-04-21,0.19323,2024-04-21,0.18614
2024-04-22,0.03098,2024-04-22,0.18108,2024-04-22,0.19126
2024-04-23,0.02937,2024-04-23,0.18016,2024-04-23,0.18761
2024-04-24,0.02944,2024-04-24,0.15423,2024-04-24,0.17763
2024-04-25,0.02965,2024-04-25,0.16112,2024-04-25,0.16871
2024-04-26,0.02838,2024-04-26,0.15676,2024-04-26,0.14861
2024-04-27,0.0281,2024-04-27,0.18782,2024-04-27,0.13484
2024-04-28,0.02761,2024-04-28,0.22584,2024-04-28,0.14404
2024-04-29,0.03126,2024-04-29,0.20715,2024-04-29,0.14615
2024-04-30,0.03091,2024-04-30,0.17932,2024-04-30,0.14573
2024-05-01,0.0366,2024-05-01,0.18944,2024-05-01,0.15072
2024-05-02,0.0359,2024-05-02,0.18178,2024-05-02,0.13941
2024-05-03,0.02635,2024-05-03,0.17419,2024-05-03,0.11762
2024-05-04,0.02775,2024-05-04,0.17883,2024-05-04,0.10891
2024-05-05,0.03274,2024-05-05,0.17904,2024-05-05,0.12585
2024-05-06,0.0404,2024-05-06,0.18817,2024-05-06,0.13294
2024-05-07,0.04202,2024-05-07,0.15311,2024-05-07,0.1354
2024-05-08,0.03611,2024-05-08,0.14643,2024-05-08,0.14482
2024-05-09,0.03232,2024-05-09,0.14974,2024-05-09,0.15367
2024-05-10,0.03162,2024-05-10,0.14229,2024-05-10,0.12852
2024-05-11,0.03183,2024-05-11,0.14397,2024-05-11,0.13393
2024-05-12,0.03379,2024-05-12,0.1652,2024-05-12,0.13955
2024-05-13,0.03316,2024-05-13,0.16498,2024-05-13,0.13835
2024-05-14,0.02733,2024-05-14,0.15824,2024-05-14,0.12275
2024-05-15,0.04286,2024-05-15,0.15557,2024-05-15,0.13343
2024-05-16,0.04131,2024-05-16,0.1413,2024-05-16,0.13097
2024-05-17,0.03225,2024-05-17,0.13765,2024-05-17,0.11488
2024-05-18,0.03197,2024-05-18,0.15227,2024-05-18,0.11053
2024-05-19,0.03323,2024-05-19,0.17749,2024-05-19,0.10076
2024-05-20,0.03604,2024-05-20,0.18431,2024-05-20,0.11636
2024-05-21,0.03246,2024-05-21,0.18325,2024-05-21,0.11453
2024-05-22,0.03794,2024-05-22,0.18515,2024-05-22,0.1042
2024-05-23,0.03464,2024-05-23,0.18396,2024-05-23,0.09654
2024-05-24,0.03183,2024-05-24,0.16513,2024-05-24,0.0886
2024-05-25,0.03302,2024-05-25,0.15409,2024-05-25,0.0912
2024-05-26,0.0359,2024-05-26,0.1704,2024-05-26,0.09591
2024-05-27,0.03429,2024-05-27,0.15557,2024-05-27,0.10076
2024-05-28,0.03457,2024-05-28,0.16133,2024-05-28,0.10231
2024-05-29,0.03119,2024-05-29,0.16808,2024-05-29,0.1042
2024-05-30,0.03351,2024-05-30,0.1451,2024-05-30,0.08952
2024-05-31,0.03267,2024-05-31,0.1387,2024-05-31,0.07757
2024-06-01,0.03232,2024-06-01,0.14419,2024-06-01,0.08572
2024-06-02,0.03632,2024-06-02,0.16815,2024-06-02,0.08474
2024-06-03,0.03232,2024-06-03,0.15887,2024-06-03,0.08888
2024-06-04,0.03548,2024-06-04,0.15423,2024-06-04,0.09155
2024-06-05,0.03316,2024-06-05,0.14468,2024-06-05,0.07413
2024-06-06,0.03675,2024-06-06,0.16295,2024-06-06,0.07715
2024-06-07,0.03232,2024-06-07,0.14496,2024-06-07,0.06844
2024-06-08,0.03597,2024-06-08,0.14819,2024-06-08,0.07652
2024-06-09,0.03892,2024-06-09,0.15381,2024-06-09,0.07111
2024-06-10,0.03471,2024-06-10,0.17559,2024-06-10,0.07083
2024-06-11,0.03745,2024-06-11,0.18536,2024-06-11,0.07518
2024-06-12,0.04124,2024-06-12,0.18944,2024-06-12,0.06647
2024-06-13,0.03885,2024-06-13,0.17791,2024-06-13,0.06141
2024-06-14,0.03738,2024-06-14,0.15332,2024-06-14,0.05754
2024-06-15,0.03478,2024-06-15,0.15234,2024-06-15,0.05361
2024-06-16,0.04342,2024-06-16,0.18206,2024-06-16,0.06253
2024-06-17,0.03871,2024-06-17,0.17489,2024-06-17,0.0638
2024-06-18,0.04644,2024-06-18,0.17433,2024-06-18,0.0593
2024-06-19,0.03822,2024-06-19,0.1763,2024-06-19,0.05712
2024-06-20,0.04152,2024-06-20,0.15494,2024-06-20,0.05509
2024-06-21,0.04117,2024-06-21,0.14573,2024-06-21,0.04996
2024-06-22,0.03892,2024-06-22,0.13674,2024-06-22,0.05284
2024-06-23,0.04293,2024-06-23,0.15852,2024-06-23,0.05818
2024-06-24,0.03935,2024-06-24,0.15796,2024-06-24,0.05319
2024-06-25,0.04328,2024-06-25,0.14931,2024-06-25,0.05923
2024-06-26,0.03801,2024-06-26,0.14524,2024-06-26,0.05944
2024-06-27,0.04476,2024-06-27,0.13315,2024-06-27,0.05213
2024-06-28,0.04061,2024-06-28,0.12683,2024-06-28,0.05045
2024-06-29,0.04658,2024-06-29,0.11812,2024-06-29,0.05375
2024-06-30,0.04764,2024-06-30,0.13357,2024-06-30,0.06014
2024-07-01,0.04314,2024-07-01,0.13751,2024-07-01,0.05726
2024-07-02,0.04307,2024-07-02,0.13624,2024-07-02,0.06106
2024-07-03,0.04736,2024-07-03,0.14376,2024-07-03,0.06036
2024-07-04,0.04462,2024-07-04,0.1366,2024-07-04,0.05677
2024-07-05,0.03998,2024-07-05,0.12437,2024-07-05,0.05178
2024-07-06,0.04602,2024-07-06,0.12739,2024-07-06,0.05761
2024-07-07,0.05164,2024-07-07,0.13779,2024-07-07,0.05558
2024-07-08,0.05129,2024-07-08,0.14404,2024-07-08,0.06036
2024-07-09,0.05059,2024-07-09,0.13744,2024-07-09,0.06253
2024-07-10,0.05663,2024-07-10,0.13308,2024-07-10,0.05733
2024-07-11,0.04511,2024-07-11,0.12599,2024-07-11,0.05431
2024-07-12,0.04567,2024-07-12,0.12472,2024-07-12,0.0489
2024-07-13,0.0482,2024-07-13,0.12296,2024-07-13,0.04799
2024-07-14,0.0638,2024-07-14,0.12704,2024-07-14,0.05438
2024-07-15,0.04939,2024-07-15,0.1257,2024-07-15,0.0501
2024-07-16,0.05586,2024-07-16,0.125,2024-07-16,0.05424
2024-07-17,0.05656,2024-07-17,0.11762,2024-07-17,0.05192
2024-07-18,0.05354,2024-07-18,0.12029,2024-07-18,0.05698
2024-07-19,0.05087,2024-07-19,0.12254,2024-07-19,0.047
2024-07-20,0.05459,2024-07-20,0.12802,2024-07-20,0.04883
2024-07-21,0.08179,2024-07-21,0.15262,2024-07-21,0.05494
2024-07-22,0.06162,2024-07-22,0.13632,2024-07-22,0.05572
2024-07-23,0.0612,2024-07-23,0.1607,2024-07-23,0.05551
2024-07-24,0.07933,2024-07-24,0.14756,2024-07-24,0.04588
2024-07-25,0.08031,2024-07-25,0.15325,2024-07-25,0.04743
2024-07-26,0.08115,2024-07-26,0.11938,2024-07-26,0.04876
2024-07-27,0.08017,2024-07-27,0.12142,2024-07-27,0.04504
2024-07-28,0.08481,2024-07-28,0.12444,2024-07-28,0.04497
2024-07-29,0.07525,2024-07-29,0.11327,2024-07-29,0.04623
2024-07-30,0.07511,2024-07-30,0.12149,2024-07-30,0.04602
2024-07-31,0.07357,2024-07-31,0.1217,2024-07-31,0.04953
2024-08-01,0.07694,2024-08-01,0.11706,2024-08-01,0.04567
2024-08-02,0.07722,2024-08-02,0.11369,2024-08-02,0.04166
2024-08-03,0.08987,2024-08-03,0.11439,2024-08-03,0.04679
2024-08-04,0.09739,2024-08-04,0.11165,2024-08-04,0.04996
2024-08-05,0.08551,2024-08-05,0.12149,2024-08-05,0.05263
2024-08-06,0.12247,2024-08-06,0.1132,2024-08-06,0.05375
2024-08-07,0.16555,2024-08-07,0.11875,2024-08-07,0.05277
2024-08-08,0.14861,2024-08-08,0.10483,2024-08-08,0.05417
2024-08-09,0.12437,2024-08-09,0.10188,2024-08-09,0.05663
2024-08-10,0.11931,2024-08-10,0.099,2024-08-10,0.05326
2024-08-11,0.14285,2024-08-11,0.10996,2024-08-11,0.06471
2024-08-12,0.13533,2024-08-12,0.11341,2024-08-12,0.05888
2024-08-13,0.11453,2024-08-13,0.10736,2024-08-13,0.0664
2024-08-14,0.11123,2024-08-14,0.10027,2024-08-14,0.05944
2024-08-15,0.12549,2024-08-15,0.09542,2024-08-15,0.06619
2024-08-16,0.12008,2024-08-16,0.0905,2024-08-16,0.06682
2024-08-17,0.11959,2024-08-17,0.0872,2024-08-17,0.07357
2024-08-18,0.14629,2024-08-18,0.08846,2024-08-18,0.08087
2024-08-19,0.12135,2024-08-19,0.09809,2024-08-19,0.07195
2024-08-20,0.12542,2024-08-20,0.08874,2024-08-20,0.0756
2024-08-21,0.13927,2024-08-21,0.0808,2024-08-21,0.08474
2024-08-22,0.12908,2024-08-22,0.07673,2024-08-22,0.08242
2024-08-23,0.11945,2024-08-23,0.07321,2024-08-23,0.08706
2024-08-24,0.12992,2024-08-24,0.06113,2024-08-24,0.08853
2024-08-25,0.14461,2024-08-25,0.06872,2024-08-25,0.09352
2024-08-26,0.13512,2024-08-26,0.06991,2024-08-26,0.09935
2024-08-27,0.13856,2024-08-27,0.069,2024-08-27,0.10821
2024-08-28,0.14159,2024-08-28,0.07153,2024-08-28,0.12486
2024-08-29,0.13533,2024-08-29,0.06731,2024-08-29,0.12423
2024-08-30,0.11847,2024-08-30,0.05944,2024-08-30,0.1139
2024-08-31,0.12592,2024-08-31,0.05494,2024-08-31,0.12043
2024-09-01,0.1607,2024-09-01,0.06134,2024-09-01,0.14222
2024-09-02,0.15255,2024-09-02,0.0671,2024-09-02,0.16267
2024-09-03,0.15908,2024-09-03,0.0631,2024-09-03,0.1737
2024-09-04,0.15662,2024-09-04,0.06485,2024-09-04,0.15747
2024-09-05,0.15241,2024-09-05,0.06064,2024-09-05,0.15894
2024-09-06,0.14693,2024-09-06,0.05874,2024-09-06,0.1607
2024-09-07,0.14594,2024-09-07,0.0496,2024-09-07,0.16105
2024-09-08,0.16751,2024-09-08,0.06,2024-09-08,0.17328
2024-09-09,0.14383,2024-09-09,0.06394,2024-09-09,0.15648
2024-09-10,0.14144,2024-09-10,0.06563,2024-09-10,0.13856
2024-09-11,0.14215,2024-09-11,0.06197,2024-09-11,0.14187
2024-09-12,0.14229,2024-09-12,0.05733,2024-09-12,0.13287
2024-09-13,0.12753,2024-09-13,0.04736,2024-09-13,0.1153
2024-09-14,0.13702,2024-09-14,0.04307,2024-09-14,0.11966
2024-09-15,0.16562,2024-09-15,0.04532,2024-09-15,0.12191
2024-09-16,0.15458,2024-09-16,0.04286,2024-09-16,0.12184
2024-09-17,0.17651,2024-09-17,0.04454,2024-09-17,0.12275
2024-09-18,0.20244,2024-09-18,0.05797,2024-09-18,0.13653
2024-09-19,0.19808,2024-09-19,0.06584,2024-09-19,0.15536
2024-09-20,0.23841,2024-09-20,0.0579,2024-09-20,0.17159
2024-09-21,0.26758,2024-09-21,0.0527,2024-09-21,0.25739
2024-09-22,0.30636,2024-09-22,0.05171,2024-09-22,0.31957
2024-09-23,0.42982,2024-09-23,0.06429,2024-09-23,0.39216
2024-09-24,0.42252,2024-09-24,0.06429,2024-09-24,0.38689
2024-09-25,0.35176,2024-09-25,0.05719,2024-09-25,0.29885
2024-09-26,0.33194,2024-09-26,0.05305,2024-09-26,0.24179
2024-09-27,0.31065,2024-09-27,0.05045,2024-09-27,0.2283
2024-09-28,0.30306,2024-09-28,0.04131,2024-09-28,0.22036
2024-09-29,0.31627,2024-09-29,0.04876,2024-09-29,0.25493
2024-09-30,0.32562,2024-09-30,0.05094,2024-09-30,0.24481
2024-10-01,0.47121,2024-10-01,0.05249,2024-10-01,0.35148
2024-10-02,0.62124,2024-10-02,0.04996,2024-10-02,0.4273
2024-10-03,0.66199,2024-10-03,0.05101,2024-10-03,0.43186
2024-10-04,0.52954,2024-10-04,0.04525,2024-10-04,0.36223
2024-10-05,0.45941,2024-10-05,0.03689,2024-10-05,0.30819
2024-10-06,0.59524,2024-10-06,0.04616,2024-10-06,0.38162
2024-10-07,0.53242,2024-10-07,0.05066,2024-10-07,0.37572
2024-10-08,0.4554,2024-10-08,0.04848,2024-10-08,0.33461
2024-10-09,0.47142,2024-10-09,0.04447,2024-10-09,0.32562
2024-10-10,0.44402,2024-10-10,0.05136,2024-10-10,0.30482
2024-10-11,0.38717,2024-10-11,0.04785,2024-10-11,0.27292
2024-10-12,0.35365,2024-10-12,0.04237,2024-10-12,0.24045
2024-10-13,0.5542,2024-10-13,0.0449,2024-10-13,0.27615
2024-10-14,0.48049,2024-10-14,0.05263,2024-10-14,0.26505
2024-10-15,0.43032,2024-10-15,0.05277,2024-10-15,0.26786
2024-10-16,0.40361,2024-10-16,0.05691,2024-10-16,0.26933
2024-10-17,0.41683,2024-10-17,0.05234,2024-10-17,0.23996
2024-10-18,0.50663,2024-10-18,0.05031,2024-10-18,0.20567
2024-10-19,0.55722,2024-10-19,0.04012,2024-10-19,0.21832
2024-10-20,0.88067,2024-10-20,0.04103,2024-10-20,0.25113
2024-10-21,0.90575,2024-10-21,0.04982,2024-10-21,0.27833
2024-10-22,0.82768,2024-10-22,0.05312,2024-10-22,0.26694
2024-10-23,0.95206,2024-10-23,0.05038,2024-10-23,0.26575
2024-10-24,0.93639,2024-10-24,0.04581,2024-10-24,0.2486
2024-10-25,0.68883,2024-10-25,0.03956,2024-10-25,0.20173
2024-10-26,0.605,2024-10-26,0.03878,2024-10-26,0.18986
2024-10-27,0.75601,2024-10-27,0.04082,2024-10-27,0.21902
2024-10-28,0.74898,2024-10-28,0.05291,2024-10-28,0.23216
2024-10-29,0.67091,2024-10-29,0.0527,2024-10-29,0.22218
2024-10-30,0.67056,2024-10-30,0.0548,2024-10-30,0.21157
2024-10-31,0.66073,2024-10-31,0.05234,2024-10-31,0.20799
2024-11-01,0.70275,2024-11-01,0.0482,2024-11-01,0.17461
2024-11-02,0.66789,2024-11-02,0.04279,2024-11-02,0.17278
2024-11-03,0.74505,2024-11-03,0.05241,2024-11-03,0.18761
2024-11-04,0.88172,2024-11-04,0.05783,2024-11-04,0.18796
2024-11-05,1.36291,2024-11-05,0.05776,2024-11-05,0.21206
2024-11-06,1.85535,2024-11-06,0.05403,2024-11-06,0.19745
2024-11-07,1.83224,2024-11-07,0.05185,2024-11-07,0.18599
2024-11-08,1.29173,2024-11-08,0.05213,2024-11-08,0.1574
2024-11-09,1.07397,2024-11-09,0.04251,2024-11-09,0.15065
2024-11-10,1.16012,2024-11-10,0.04982,2024-11-10,0.17089
2024-11-11,0.9016,2024-11-11,0.0586,2024-11-11,0.16344
2024-11-12,0.76992,2024-11-12,0.06085,2024-11-12,0.16836
2024-11-13,0.74434,2024-11-13,0.05677,2024-11-13,0.16997
2024-11-14,0.7442,2024-11-14,0.05045,2024-11-14,0.15796
2024-11-15,0.69277,2024-11-15,0.05473,2024-11-15,0.14074
2024-11-16,0.70317,2024-11-16,0.04574,2024-11-16,0.13934
2024-11-17,1.78607,2024-11-17,0.05452,2024-11-17,0.16948
2024-11-18,3.18693,2024-11-18,0.05944,2024-11-18,0.15648
2024-11-19,2.56338,2024-11-19,0.05628,2024-11-19,0.15648
2024-11-20,1.99666,2024-11-20,0.05213,2024-11-20,0.14531
2024-11-21,1.50226,2024-11-21,0.05199,2024-11-21,0.14587
2024-11-22,1.45173,2024-11-22,0.04672,2024-11-22,0.12465
2024-11-23,1.58574,2024-11-23,0.04335,2024-11-23,0.12521
2024-11-24,1.73541,2024-11-24,0.04996,2024-11-24,0.13835
2024-11-25,1.63408,2024-11-25,0.05691,2024-11-25,0.13322
2024-11-26,2.09497,2024-11-26,0.05867,2024-11-26,0.12788
2024-11-27,3.33773,2024-11-27,0.0619,2024-11-27,0.12697
2024-11-28,2.72078,2024-11-28,0.05136,2024-11-28,0.12704
2024-11-29,2.18948,2024-11-29,0.05066,2024-11-29,0.10624
2024-11-30,1.93623,2024-11-30,0.04658,2024-11-30,0.1158
2024-12-01,1.91578,2024-12-01,0.05747,2024-12-01,0.12261
2024-12-02,1.47387,2024-12-02,0.06085,2024-12-02,0.11945
2024-12-03,1.73484,2024-12-03,0.06134,2024-12-03,0.12289
2024-12-04,1.51483,2024-12-04,0.04834,2024-12-04,0.1158
2024-12-05,1.41238,2024-12-05,0.05558,2024-12-05,0.10926
2024-12-06,1.30733,2024-12-06,0.0515,2024-12-06,0.10329
2024-12-07,1.52622,2024-12-07,0.04623,2024-12-07,0.10863
2024-12-08,1.9278,2024-12-08,0.05614,2024-12-08,0.11945
2024-12-09,1.76084,2024-12-09,0.0626,2024-12-09,0.1172
2024-12-10,1.48806,2024-12-10,0.05523,2024-12-10,0.11538
2024-12-11,1.33263,2024-12-11,0.05853,2024-12-11,0.11383
2024-12-12,1.35315,2024-12-12,0.05698,2024-12-12,0.11067
2024-12-13,1.31893,2024-12-13,0.05087,2024-12-13,0.11249
2024-12-14,1.49087,2024-12-14,0.04476,2024-12-14,0.1113
2024-12-15,1.59986,2024-12-15,0.06021,2024-12-15,0.12079
2024-12-16,1.43234,2024-12-16,0.06148,2024-12-16,0.12079
2024-12-17,1.49973,2024-12-17,0.05923,2024-12-17,0.1198
2024-12-18,1.70484,2024-12-18,0.05579,2024-12-18,0.12346
2024-12-19,1.54463,2024-12-19,0.05663,2024-12-19,0.10603
2024-12-20,1.22371,2024-12-20,0.05038,2024-12-20,0.09598
2024-12-21,1.38287,2024-12-21,0.05171,2024-12-21,0.10547
2024-12-22,1.57393,2024-12-22,0.05579,2024-12-22,0.11615
2024-12-23,1.23257,2024-12-23,0.05298,2024-12-23,0.10041
2024-12-24,1.01453,2024-12-24,0.04834,2024-12-24,0.08846
2024-12-25,1.04067,2024-12-25,0.04567,2024-12-25,0.10659
2024-12-26,0.91889,2024-12-26,0.05171,2024-12-26,0.09577
2024-12-27,0.92887,2024-12-27,0.05115,2024-12-27,0.09205
2024-12-28,1.0224,2024-12-28,0.04672,2024-12-28,0.09675
2024-12-29,0.90962,2024-12-29,0.04609,2024-12-29,0.09992
2024-12-30,0.70429,2024-12-30,0.04862,2024-12-30,0.08375
2024-12-31,0.59685,2024-12-31,0.04005,2024-12-31,0.07862
